"cancer","chr","n_bkpt_total","n_bkpt_intersected_3UTR","n_bkpt_intersected_5UTR","n_bkpt_intersected_codingExons","n_bkpt_intersected_downstream","n_bkpt_intersected_introns","n_bkpt_intersected_promoters","n_bkpt_intersected_WholeGenes"
"blood","1",137,3,2,2,1,74,1,79
"blood","10",41,0,1,1,0,20,1,22
"blood","11",106,0,1,1,0,56,0,57
"blood","12",62,0,2,3,0,34,0,37
"blood","13",184,8,1,3,1,89,0,96
"blood","14",96,3,15,4,1,63,3,70
"blood","15",47,1,0,0,0,25,1,25
"blood","16",34,1,0,1,2,19,0,20
"blood","17",53,2,1,2,3,30,0,34
"blood","18",60,7,0,0,0,20,0,27
"blood","19",31,0,0,0,0,10,0,10
"blood","2",72,4,3,1,2,45,2,47
"blood","20",24,0,0,0,0,14,0,14
"blood","21",42,0,0,1,0,15,0,15
"blood","22",18,1,0,0,0,15,0,15
"blood","3",158,2,1,1,0,78,0,81
"blood","4",92,1,0,0,0,23,0,24
"blood","5",68,0,0,0,0,27,0,27
"blood","6",119,3,0,2,0,62,0,65
"blood","7",90,0,0,1,0,42,0,43
"blood","8",86,0,2,0,0,38,1,40
"blood","9",90,2,2,1,0,41,0,43
"blood","X",51,2,3,3,0,12,0,15
"bone","1",153,4,4,9,1,79,0,88
"bone","10",84,4,2,3,0,30,0,37
"bone","11",248,2,0,0,0,198,0,200
"bone","12",165,4,21,17,0,87,6,111
"bone","13",58,1,0,5,1,28,0,29
"bone","14",66,5,10,1,2,40,0,48
"bone","15",58,1,0,14,0,35,0,42
"bone","16",51,3,0,1,0,26,0,26
"bone","17",64,7,4,0,2,34,0,38
"bone","18",29,0,0,0,0,13,0,13
"bone","19",65,4,3,16,1,38,3,48
"bone","2",179,4,1,8,1,70,3,80
"bone","20",39,2,0,1,0,23,0,24
"bone","21",97,3,2,2,0,58,0,62
"bone","22",298,8,25,25,1,223,11,250
"bone","3",81,0,0,0,0,39,0,39
"bone","4",74,0,0,0,0,27,0,27
"bone","5",100,2,2,8,0,32,0,37
"bone","6",116,4,5,11,1,49,0,56
"bone","7",142,3,0,1,0,67,1,69
"bone","8",107,3,3,4,0,38,0,44
"bone","9",102,2,0,3,1,50,0,52
"bone","X",59,2,0,1,0,28,0,29
"brain","1",34,0,0,0,0,20,0,20
"brain","10",22,0,0,0,0,4,0,4
"brain","11",33,0,0,0,0,15,0,15
"brain","12",81,0,2,1,0,36,0,37
"brain","13",22,0,0,3,0,13,0,15
"brain","14",23,0,0,0,0,14,0,14
"brain","15",488,8,3,10,1,236,3,249
"brain","16",20,1,0,0,0,6,0,6
"brain","17",52,0,1,4,0,29,0,33
"brain","18",38,1,0,1,0,21,1,22
"brain","19",27,0,0,0,0,7,0,7
"brain","2",72,0,0,1,1,40,2,41
"brain","20",16,0,0,1,2,8,1,8
"brain","21",26,0,0,0,1,3,0,3
"brain","22",14,0,0,0,0,7,1,7
"brain","3",46,0,0,0,0,29,0,29
"brain","4",130,0,1,0,0,59,0,60
"brain","5",39,1,0,3,0,13,0,16
"brain","6",24,3,0,0,1,16,0,17
"brain","7",207,1,1,6,1,160,0,167
"brain","8",47,0,1,1,1,21,0,22
"brain","9",30,1,1,1,0,18,0,18
"brain","X",51,0,0,0,0,10,0,10
"breast","1",16619,355,171,281,72,8414,93,8925
"breast","10",7410,126,55,69,17,3715,17,3861
"breast","11",13033,305,133,262,46,6481,57,6916
"breast","12",8767,135,77,136,30,4319,43,4531
"breast","13",4731,46,20,40,6,1937,12,2011
"breast","14",5507,90,65,84,25,2631,22,2766
"breast","15",4443,87,39,87,21,2352,25,2505
"breast","16",4444,103,53,101,31,2275,19,2426
"breast","17",19567,554,316,554,124,11022,130,11918
"breast","18",3508,41,22,34,8,1656,8,1708
"breast","19",5069,186,87,232,51,2637,64,2960
"breast","2",9835,165,63,115,25,4795,29,5029
"breast","20",6676,109,60,115,28,3254,25,3439
"breast","21",2639,58,26,33,5,1354,7,1411
"breast","22",2155,64,32,54,7,1371,18,1454
"breast","3",9408,113,67,111,27,4913,26,5098
"breast","4",7986,74,37,85,21,3355,16,3490
"breast","5",6995,99,33,60,19,2969,13,3088
"breast","6",13325,197,94,129,55,6480,59,6757
"breast","7",7561,124,52,95,27,3943,31,4110
"breast","8",18074,201,76,162,51,7788,36,8077
"breast","9",4702,96,38,79,28,2475,15,2604
"breast","X",5138,63,44,45,15,1819,10,1925
"liver","1",2139,60,18,33,13,1132,9,1203
"liver","10",754,7,5,11,2,401,1,418
"liver","11",1321,42,14,23,6,548,6,592
"liver","12",1006,13,9,18,7,516,1,536
"liver","13",736,12,5,10,2,359,1,373
"liver","14",676,14,6,7,3,294,3,313
"liver","15",365,8,2,10,3,205,0,219
"liver","16",418,7,1,8,3,211,2,225
"liver","17",676,27,17,18,6,377,8,410
"liver","18",373,3,2,2,1,169,0,175
"liver","19",556,16,12,19,4,278,5,306
"liver","2",1448,20,7,20,5,781,0,818
"liver","20",400,7,2,4,3,241,0,250
"liver","21",165,2,1,3,1,49,0,54
"liver","22",245,9,2,5,2,170,1,177
"liver","3",1511,16,11,12,4,879,5,903
"liver","4",1511,24,7,13,2,594,5,619
"liver","5",1515,22,12,15,3,674,5,707
"liver","6",1774,33,6,28,7,800,4,837
"liver","7",1222,20,6,12,2,609,6,637
"liver","8",1908,32,10,15,4,849,4,890
"liver","9",1055,18,13,18,0,520,2,546
"liver","X",524,4,3,4,0,218,2,225
"ovary","1",5312,110,71,114,19,2673,25,2862
"ovary","10",2653,42,24,31,6,1299,18,1356
"ovary","11",3220,51,30,51,14,1556,22,1634
"ovary","12",3048,71,28,50,11,1469,16,1570
"ovary","13",1706,20,8,21,3,668,2,701
"ovary","14",1841,43,27,32,3,849,2,916
"ovary","15",1561,25,16,34,13,845,8,902
"ovary","16",1435,37,23,35,7,763,11,826
"ovary","17",1531,50,27,56,9,905,21,986
"ovary","18",1445,7,7,7,1,624,3,636
"ovary","19",2322,85,43,98,25,1138,27,1286
"ovary","2",4882,73,43,55,17,2311,19,2409
"ovary","20",1880,34,14,37,5,927,7,982
"ovary","21",787,15,8,12,4,371,6,387
"ovary","22",781,26,10,27,5,479,5,513
"ovary","3",4588,66,33,45,6,2258,18,2354
"ovary","4",3243,39,14,16,5,1360,8,1407
"ovary","5",3203,56,21,30,8,1298,6,1365
"ovary","6",3577,44,30,48,18,1676,12,1751
"ovary","7",3182,50,42,36,11,1645,18,1723
"ovary","8",3994,40,23,39,10,1720,11,1789
"ovary","9",2175,39,19,23,8,979,22,1030
"ovary","X",2203,27,12,30,10,676,6,731
"pancreatic","1",5789,118,64,113,24,2913,39,3089
"pancreatic","10",3084,36,15,27,1,1539,12,1586
"pancreatic","11",3363,53,37,54,11,1634,33,1722
"pancreatic","12",3980,72,39,66,15,1917,20,2036
"pancreatic","13",2225,24,13,18,1,920,13,951
"pancreatic","14",2407,34,27,43,6,1109,13,1177
"pancreatic","15",2238,36,27,43,10,1120,26,1195
"pancreatic","16",1959,51,17,36,6,1090,8,1161
"pancreatic","17",3310,91,61,87,23,1776,26,1916
"pancreatic","18",4029,69,17,48,8,1757,4,1832
"pancreatic","19",2820,107,39,93,33,1367,29,1531
"pancreatic","2",5106,62,29,52,15,2417,18,2502
"pancreatic","20",1981,33,14,25,3,1090,10,1139
"pancreatic","21",1062,16,9,9,1,532,4,549
"pancreatic","22",1505,36,19,37,10,977,14,1041
"pancreatic","3",4779,79,37,44,13,2515,10,2610
"pancreatic","4",4033,38,10,29,8,1572,16,1624
"pancreatic","5",3491,34,19,48,10,1398,8,1465
"pancreatic","6",4452,62,36,62,19,2114,22,2210
"pancreatic","7",4273,65,36,50,12,2126,20,2219
"pancreatic","8",4749,67,35,44,14,2020,14,2104
"pancreatic","9",3894,67,33,54,17,1811,14,1894
"pancreatic","X",2666,26,9,15,7,879,3,915
"prostate","1",1793,35,21,21,9,904,6,953
"prostate","10",1570,23,14,27,1,842,9,881
"prostate","11",1250,26,12,25,6,585,4,634
"prostate","12",1432,20,12,20,2,691,4,724
"prostate","13",990,13,2,7,3,384,5,399
"prostate","14",656,12,8,11,1,339,4,361
"prostate","15",417,4,2,9,2,244,5,255
"prostate","16",535,6,3,11,4,230,4,245
"prostate","17",824,29,16,23,12,445,10,488
"prostate","18",541,11,5,3,1,220,3,234
"prostate","19",356,16,6,11,3,193,7,217
"prostate","2",2630,33,12,21,8,1213,8,1266
"prostate","20",391,6,5,5,0,188,1,195
"prostate","21",483,7,11,12,1,314,1,333
"prostate","22",231,9,3,4,0,138,3,149
"prostate","3",2385,35,13,27,4,1238,9,1294
"prostate","4",1940,22,8,11,4,704,6,733
"prostate","5",1835,28,10,26,3,742,7,780
"prostate","6",1553,24,12,17,7,741,6,776
"prostate","7",1426,33,8,15,2,718,8,758
"prostate","8",1868,21,12,20,3,808,4,842
"prostate","9",740,10,9,13,3,353,4,375
"prostate","X",971,15,8,12,2,258,2,286
"skin","1",3400,56,28,67,20,1681,13,1780
"skin","10",1246,21,7,11,5,666,3,690
"skin","11",6972,98,64,104,19,3366,30,3529
"skin","12",4479,90,36,71,23,2000,16,2133
"skin","13",871,8,5,9,4,343,1,357
"skin","14",899,13,10,16,7,413,1,439
"skin","15",1431,29,20,22,8,791,8,828
"skin","16",1156,25,11,33,8,558,7,591
"skin","17",2137,61,36,59,24,1214,13,1310
"skin","18",777,13,5,7,2,316,1,327
"skin","19",805,23,8,24,6,376,8,411
"skin","2",2513,23,10,34,10,1149,12,1192
"skin","20",1622,34,15,22,7,747,7,792
"skin","21",487,4,3,5,1,196,0,202
"skin","22",1072,30,10,34,4,654,6,703
"skin","3",2289,30,14,18,10,1126,4,1170
"skin","4",2945,31,10,20,4,1089,9,1130
"skin","5",4955,57,19,36,10,1862,9,1938
"skin","6",3593,53,28,36,8,1623,12,1695
"skin","7",3467,31,29,52,9,1838,15,1894
"skin","8",3811,34,15,25,6,1534,6,1581
"skin","9",1937,25,13,24,7,902,9,938
"skin","X",1120,14,4,10,0,355,0,372
"uterus","1",345,2,5,8,3,165,2,172
"uterus","10",234,1,2,1,0,104,3,107
"uterus","11",166,2,5,5,2,80,2,87
"uterus","12",229,6,4,2,0,133,4,142
"uterus","13",114,3,0,1,0,46,1,50
"uterus","14",119,3,0,1,0,59,0,62
"uterus","15",66,0,0,1,1,33,1,34
"uterus","16",89,0,1,2,0,43,1,45
"uterus","17",99,4,2,0,0,56,0,58
"uterus","18",79,1,0,0,0,27,0,28
"uterus","19",161,5,1,10,2,96,3,105
"uterus","2",345,5,0,3,1,151,1,156
"uterus","20",99,1,0,1,0,55,0,56
"uterus","21",34,0,0,0,0,15,0,15
"uterus","22",33,1,2,1,0,19,1,20
"uterus","3",305,2,2,2,0,123,0,127
"uterus","4",237,1,0,2,2,91,0,94
"uterus","5",334,4,5,3,0,130,3,135
"uterus","6",231,1,1,2,1,125,1,128
"uterus","7",256,2,6,9,1,122,3,129
"uterus","8",262,4,1,4,0,94,2,98
"uterus","9",109,1,0,2,2,67,0,70
"uterus","X",212,3,3,3,0,61,1,68
