"","id","Fusion.gene","start_chr","start_pos","end_chr","end_pos","n_hsp_blood_bkpt_hotspot_1","n_hsp_chr_blood_bkpt_hotspot_1","n_hsp_bone_bkpt_hotspot_1","n_hsp_chr_bone_bkpt_hotspot_1","n_hsp_brain_bkpt_hotspot_1","n_hsp_chr_brain_bkpt_hotspot_1","n_hsp_breast_bkpt_hotspot_1","n_hsp_chr_breast_bkpt_hotspot_1","n_hsp_liver_bkpt_hotspot_1","n_hsp_chr_liver_bkpt_hotspot_1","n_hsp_ovary_bkpt_hotspot_1","n_hsp_chr_ovary_bkpt_hotspot_1","n_hsp_pancreatic_bkpt_hotspot_1","n_hsp_chr_pancreatic_bkpt_hotspot_1","n_hsp_prostate_bkpt_hotspot_1","n_hsp_chr_prostate_bkpt_hotspot_1","n_hsp_skin_bkpt_hotspot_1","n_hsp_chr_skin_bkpt_hotspot_1","n_hsp_uterus_bkpt_hotspot_1","n_hsp_chr_uterus_bkpt_hotspot_1","n_hsp_overall_density_bkpt_hotspot_1","n_hsp_chr_overall_density_bkpt_hotspot_1","total_hsp","n_hsp_blood_bkpt_hotspot_1_dummy","n_hsp_bone_bkpt_hotspot_1_dummy","n_hsp_brain_bkpt_hotspot_1_dummy","n_hsp_breast_bkpt_hotspot_1_dummy","n_hsp_liver_bkpt_hotspot_1_dummy","n_hsp_ovary_bkpt_hotspot_1_dummy","n_hsp_pancreatic_bkpt_hotspot_1_dummy","n_hsp_prostate_bkpt_hotspot_1_dummy","n_hsp_skin_bkpt_hotspot_1_dummy","n_hsp_uterus_bkpt_hotspot_1_dummy","n_hsp_overall_density_bkpt_hotspot_1_dummy","total_cancers","location","full_location"
"189","1244",NA,"10","p11","22","q12",0,36,0,59,0,13,1,28,0,13,0,39,0,58,0,285,0,16,0,122,0,145,1,0,0,0,1,0,0,0,0,0,0,0,1,"10p11_22q12","10p11_22q12"
"193","145",NA,"10","p13","11","q23",0,36,1,59,0,13,0,28,0,13,0,39,0,58,1,285,0,16,0,122,0,145,2,0,1,0,0,0,0,0,1,0,0,0,2,"10p13_11q23","10p13_11q23"
"195","229",NA,"10","p13","22","q11",0,36,1,59,0,13,0,28,0,13,1,39,0,58,1,285,0,16,0,122,0,145,3,0,1,0,0,0,1,0,1,0,0,0,3,"10p13_22q11","10p13_22q11"
"196","266",NA,"10","p13","11","q13",0,36,1,59,0,13,0,28,0,13,0,39,0,58,1,285,0,16,0,122,0,145,2,0,1,0,0,0,0,0,1,0,0,0,2,"10p13_11q13","10p13_11q13"
"197","28",NA,"10","q22","22","q11",0,36,0,59,0,13,0,28,0,13,1,39,0,58,0,285,0,16,0,122,0,145,1,0,0,0,0,0,1,0,0,0,0,0,1,"10q22_22q11","10q22_22q11"
"201","456",NA,"10","p14","22","q11",0,36,0,59,0,13,0,28,0,13,1,39,0,58,1,285,0,16,0,122,0,145,2,0,0,0,0,0,1,0,1,0,0,0,2,"10p14_22q11","10p14_22q11"
"205","543",NA,"10","q23","22","q11",0,36,0,59,0,13,0,28,0,13,1,39,0,58,0,285,0,16,0,122,0,145,1,0,0,0,0,0,1,0,0,0,0,0,1,"10q23_22q11","10q23_22q11"
"206","64",NA,"10","q26","22","q11",0,36,0,59,0,13,0,28,0,13,1,39,0,58,0,285,0,16,0,122,0,145,1,0,0,0,0,0,1,0,0,0,0,0,1,"10q26_22q11","10q26_22q11"
"207","643",NA,"10","p11","22","q11",0,36,0,59,0,13,0,28,0,13,1,39,0,58,0,285,0,16,0,122,0,145,1,0,0,0,0,0,1,0,0,0,0,0,1,"10p11_22q11","10p11_22q11"
"208","651",NA,"10","p15","22","q11",0,36,0,59,0,13,0,28,0,13,1,39,0,58,0,285,0,16,0,122,0,145,1,0,0,0,0,0,1,0,0,0,0,0,1,"10p15_22q11","10p15_22q11"
"209","657",NA,"10","p13","14","q32",0,36,1,59,0,13,0,28,0,13,0,39,0,58,1,285,0,16,0,122,0,145,2,0,1,0,0,0,0,0,1,0,0,0,2,"10p13_14q32","10p13_14q32"
"211","696",NA,"10","q11","22","q11",0,36,0,59,0,13,0,28,0,13,1,39,0,58,0,285,0,16,0,122,0,145,1,0,0,0,0,0,1,0,0,0,0,0,1,"10q11_22q11","10q11_22q11"
"214","739",NA,"10","q25","22","q11",0,36,0,59,0,13,0,28,0,13,1,39,0,58,0,285,0,16,0,122,0,145,1,0,0,0,0,0,1,0,0,0,0,0,1,"10q25_22q11","10q25_22q11"
"219","958",NA,"10","p13","17","q21",0,36,1,59,0,13,0,28,0,13,0,39,0,58,1,285,0,16,0,122,0,145,2,0,1,0,0,0,0,0,1,0,0,0,2,"10p13_17q21","10p13_17q21"
"221","1009",NA,"11","q13","16","q24",1,101,0,75,0,20,0,245,0,62,1,54,0,50,0,113,2,452,0,71,1,168,5,1,0,0,0,0,1,0,0,1,0,1,4,"11q13_16q24","11q13_16q24"
"222","1021",NA,"11","q23","15","q21",0,101,0,75,0,20,0,245,0,62,0,54,0,50,0,113,1,452,0,71,0,168,1,0,0,0,0,0,0,0,0,1,0,0,1,"11q23_15q21","11q23_15q21"
"223","1040",NA,"11","q13","22","q12",0,101,0,75,0,20,0,245,0,62,0,54,0,50,0,113,2,452,0,71,0,168,2,0,0,0,0,0,0,0,0,1,0,0,1,"11q13_22q12","11q13_22q12"
"224","1041",NA,"11","q13","16","q22",0,101,0,75,0,20,0,245,0,62,0,54,0,50,0,113,2,452,0,71,0,168,2,0,0,0,0,0,0,0,0,1,0,0,1,"11q13_16q22","11q13_16q22"
"225","1042",NA,"11","q13","14","q24",0,101,0,75,0,20,0,245,0,62,0,54,0,50,0,113,2,452,0,71,0,168,2,0,0,0,0,0,0,0,0,1,0,0,1,"11q13_14q24","11q13_14q24"
"231","1108",NA,"11","q13","12","q14",0,101,0,75,0,20,0,245,0,62,0,54,0,50,0,113,3,452,0,71,0,168,3,0,0,0,0,0,0,0,0,1,0,0,1,"11q13_12q14","11q13_12q14"
"235","1143",NA,"11","q21","12","q15",0,101,0,75,0,20,1,245,0,62,0,54,0,50,0,113,0,452,0,71,0,168,1,0,0,0,1,0,0,0,0,0,0,0,1,"11q21_12q15","11q21_12q15"
"236","1160",NA,"11","q13","12","q15",0,101,0,75,0,20,1,245,0,62,0,54,0,50,0,113,2,452,0,71,0,168,3,0,0,0,1,0,0,0,0,1,0,0,2,"11q13_12q15","11q13_12q15"
"240","1188",NA,"11","q13","12","q13",0,101,0,75,0,20,0,245,0,62,0,54,0,50,0,113,3,452,0,71,0,168,3,0,0,0,0,0,0,0,0,1,0,0,1,"11q13_12q13","11q13_12q13"
"241","1190",NA,"11","q23","12","q15",0,101,0,75,0,20,1,245,0,62,0,54,0,50,0,113,0,452,0,71,0,168,1,0,0,0,1,0,0,0,0,0,0,0,1,"11q23_12q15","11q23_12q15"
"243","1195",NA,"11","p15","12","q15",0,101,0,75,0,20,1,245,0,62,0,54,0,50,0,113,0,452,0,71,0,168,1,0,0,0,1,0,0,0,0,0,0,0,1,"11p15_12q15","11p15_12q15"
"248","1249",NA,"11","p15","12","q13",0,101,0,75,0,20,0,245,0,62,0,54,0,50,0,113,1,452,0,71,0,168,1,0,0,0,0,0,0,0,0,1,0,0,1,"11p15_12q13","11p15_12q13"
"249","1257",NA,"11","q13","16","p11",0,101,0,75,0,20,0,245,0,62,0,54,0,50,0,113,2,452,0,71,0,168,2,0,0,0,0,0,0,0,0,1,0,0,1,"11q13_16p11","11q13_16p11"
"255","18","""IGL-CCND1""","11","q13","22","q11",0,101,0,75,0,20,0,245,0,62,0,54,0,50,0,113,2,452,0,71,0,168,2,0,0,0,0,0,0,0,0,1,0,0,1,"11q13_22q11","11q13_22q11 (""IGL-CCND1"")"
"256","180",NA,"11","q13","19","p13",0,101,0,75,0,20,0,245,0,62,0,54,0,50,0,113,2,452,0,71,0,168,2,0,0,0,0,0,0,0,0,1,0,0,1,"11q13_19p13","11q13_19p13"
"258","218",NA,"11","q13","11","q23",0,101,0,75,0,20,0,245,0,62,0,54,0,50,0,113,2,452,0,71,0,168,2,0,0,0,0,0,0,0,0,1,0,0,1,"11q13_11q23","11q13_11q23"
"261","249",NA,"11","q13","12","p13",0,101,0,75,0,20,0,245,0,62,0,54,0,50,0,113,2,452,0,71,0,168,2,0,0,0,0,0,0,0,0,1,0,0,1,"11q13_12p13","11q13_12p13"
"263","285",NA,"11","q14","22","q11",0,101,0,75,0,20,0,245,0,62,0,54,0,50,0,113,2,452,0,71,0,168,2,0,0,0,0,0,0,0,0,1,0,0,1,"11q14_22q11","11q14_22q11"
"264","287",NA,"11","q13","17","p13",0,101,0,75,0,20,0,245,0,62,0,54,0,50,0,113,2,452,0,71,0,168,2,0,0,0,0,0,0,0,0,1,0,0,1,"11q13_17p13","11q13_17p13"
"265","302",NA,"11","q23","12","q13",0,101,0,75,0,20,0,245,0,62,0,54,0,50,0,113,1,452,0,71,0,168,1,0,0,0,0,0,0,0,0,1,0,0,1,"11q23_12q13","11q23_12q13"
"268","332",NA,"11","q13","15","q22",0,101,0,75,0,20,0,245,0,62,0,54,0,50,0,113,3,452,0,71,0,168,3,0,0,0,0,0,0,0,0,1,0,0,1,"11q13_15q22","11q13_15q22"
"271","388",NA,"11","q23","19","q13",0,101,0,75,0,20,0,245,0,62,0,54,0,50,1,113,0,452,0,71,0,168,1,0,0,0,0,0,0,0,1,0,0,0,1,"11q23_19q13","11q23_19q13"
"272","393",NA,"11","q13","17","q11",0,101,0,75,0,20,0,245,0,62,0,54,0,50,0,113,2,452,0,71,0,168,2,0,0,0,0,0,0,0,0,1,0,0,1,"11q13_17q11","11q13_17q11"
"276","461",NA,"11","q14","21","q22",0,101,0,75,0,20,0,245,0,62,0,54,0,50,0,113,2,452,0,71,0,168,2,0,0,0,0,0,0,0,0,1,0,0,1,"11q14_21q22","11q14_21q22"
"279","483",NA,"11","q13","17","p11",0,101,1,75,0,20,0,245,0,62,0,54,0,50,0,113,2,452,0,71,0,168,3,0,1,0,0,0,0,0,0,1,0,0,2,"11q13_17p11","11q13_17p11"
"280","494",NA,"11","p15","11","q13",0,101,0,75,0,20,0,245,0,62,0,54,0,50,0,113,2,452,0,71,0,168,2,0,0,0,0,0,0,0,0,1,0,0,1,"11p15_11q13","11p15_11q13"
"286","555",NA,"11","q14","14","q32",0,101,0,75,0,20,0,245,0,62,0,54,0,50,0,113,2,452,0,71,0,168,2,0,0,0,0,0,0,0,0,1,0,0,1,"11q14_14q32","11q14_14q32"
"287","562",NA,"11","q13","12","q13",0,101,0,75,0,20,0,245,0,62,0,54,0,50,0,113,3,452,0,71,0,168,3,0,0,0,0,0,0,0,0,1,0,0,1,"11q13_12q13","11q13_12q13"
"291","572",NA,"11","q13","21","q22",0,101,0,75,0,20,0,245,0,62,0,54,0,50,0,113,2,452,0,71,0,168,2,0,0,0,0,0,0,0,0,1,0,0,1,"11q13_21q22","11q13_21q22"
"292","573",NA,"11","q13","18","q21",0,101,0,75,0,20,0,245,0,62,0,54,0,50,0,113,2,452,0,71,0,168,2,0,0,0,0,0,0,0,0,1,0,0,1,"11q13_18q21","11q13_18q21"
"293","594",NA,"11","q13","17","q21",0,101,0,75,0,20,0,245,0,62,0,54,0,50,0,113,2,452,0,71,0,168,2,0,0,0,0,0,0,0,0,1,0,0,1,"11q13_17q21","11q13_17q21"
"298","668",NA,"11","q13","14","q11",0,101,0,75,0,20,0,245,0,62,0,54,0,50,0,113,2,452,0,71,0,168,2,0,0,0,0,0,0,0,0,1,0,0,1,"11q13_14q11","11q13_14q11"
"304","756",NA,"11","p13","11","q13",0,101,0,75,0,20,0,245,0,62,0,54,0,50,0,113,2,452,0,71,0,168,2,0,0,0,0,0,0,0,0,1,0,0,1,"11p13_11q13","11p13_11q13"
"307","8","IGH-CCND1","11","q13","14","q32",0,101,0,75,0,20,0,245,0,62,0,54,0,50,0,113,2,452,0,71,0,168,2,0,0,0,0,0,0,0,0,1,0,0,1,"11q13_14q32","11q13_14q32 (IGH-CCND1)"
"310","821",NA,"11","q13","13","q14",0,101,0,75,0,20,0,245,0,62,0,54,0,50,0,113,2,452,0,71,0,168,2,0,0,0,0,0,0,0,0,1,0,0,1,"11q13_13q14","11q13_13q14"
"311","83",NA,"11","q23","17","q25",0,101,0,75,0,20,1,245,0,62,0,54,0,50,0,113,0,452,0,71,0,168,1,0,0,0,1,0,0,0,0,0,0,0,1,"11q23_17q25","11q23_17q25"
"313","847",NA,"11","q13","19","q13",0,101,0,75,0,20,0,245,0,62,0,54,0,50,1,113,2,452,0,71,0,168,3,0,0,0,0,0,0,0,1,1,0,0,2,"11q13_19q13","11q13_19q13"
"315","879",NA,"11","q13","22","q13",0,101,0,75,0,20,0,245,0,62,0,54,0,50,0,113,2,452,0,71,0,168,2,0,0,0,0,0,0,0,0,1,0,0,1,"11q13_22q13","11q13_22q13"
"319","944",NA,"11","q23","13","q21",0,101,0,75,0,20,0,245,0,62,0,54,0,50,0,113,1,452,0,71,0,168,1,0,0,0,0,0,0,0,0,1,0,0,1,"11q23_13q21","11q23_13q21"
"320","965",NA,"11","q23","18","q23",0,101,0,75,0,20,0,245,0,62,0,54,0,50,0,113,1,452,0,71,0,168,1,0,0,0,0,0,0,0,0,1,0,0,1,"11q23_18q23","11q23_18q23"
"321","972",NA,"11","q13","12","p11",0,101,0,75,0,20,0,245,0,62,0,54,0,50,0,113,2,452,0,71,0,168,2,0,0,0,0,0,0,0,0,1,0,0,1,"11q13_12p11","11q13_12p11"
"324","1017",NA,"12","q15","14","q32",0,56,0,71,0,54,0,33,0,20,0,36,0,60,0,125,1,220,0,128,0,142,1,0,0,0,0,0,0,0,0,1,0,0,1,"12q15_14q32","12q15_14q32"
"327","1070","FUS-ATF1","12","q13","16","p11",0,56,0,71,0,54,0,33,0,20,0,36,0,60,0,125,0,220,1,128,1,142,2,0,0,0,0,0,0,0,0,0,1,1,2,"12q13_16p11","12q13_16p11 (FUS-ATF1)"
"328","1073",NA,"12","q15","14","q24",0,56,0,71,0,54,0,33,0,20,0,36,0,60,0,125,1,220,0,128,0,142,1,0,0,0,0,0,0,0,0,1,0,0,1,"12q15_14q24","12q15_14q24"
"329","1083",NA,"12","q15","20","q11",0,56,0,71,0,54,0,33,0,20,0,36,0,60,0,125,1,220,0,128,0,142,1,0,0,0,0,0,0,0,0,1,0,0,1,"12q15_20q11","12q15_20q11"
"330","1086",NA,"12","q15","14","q22",0,56,0,71,0,54,0,33,0,20,0,36,0,60,0,125,1,220,0,128,0,142,1,0,0,0,0,0,0,0,0,1,0,0,1,"12q15_14q22","12q15_14q22"
"332","1104",NA,"12","q15","17","p11",0,56,0,71,0,54,0,33,0,20,0,36,1,60,0,125,1,220,0,128,0,142,2,0,0,0,0,0,0,1,0,1,0,0,2,"12q15_17p11","12q15_17p11"
"333","1109",NA,"12","q15","15","q26",0,56,0,71,0,54,0,33,0,20,0,36,0,60,0,125,1,220,0,128,0,142,1,0,0,0,0,0,0,0,0,1,0,0,1,"12q15_15q26","12q15_15q26"
"334","1110",NA,"12","q15","16","q22",0,56,0,71,0,54,0,33,0,20,0,36,0,60,0,125,1,220,0,128,0,142,1,0,0,0,0,0,0,0,0,1,0,0,1,"12q15_16q22","12q15_16q22"
"335","1116",NA,"12","q15","20","q13",0,56,0,71,0,54,0,33,0,20,0,36,0,60,0,125,1,220,0,128,0,142,1,0,0,0,0,0,0,0,0,1,0,0,1,"12q15_20q13","12q15_20q13"
"336","1120",NA,"12","p12","12","q15",0,56,0,71,0,54,0,33,0,20,0,36,0,60,0,125,1,220,0,128,0,142,1,0,0,0,0,0,0,0,0,1,0,0,1,"12p12_12q15","12p12_12q15"
"337","1121",NA,"12","q15","22","q13",0,56,0,71,0,54,0,33,0,20,0,36,0,60,0,125,1,220,0,128,0,142,1,0,0,0,0,0,0,0,0,1,0,0,1,"12q15_22q13","12q15_22q13"
"338","1125",NA,"12","q13","16","q13",0,56,0,71,0,54,0,33,0,20,0,36,0,60,0,125,1,220,0,128,0,142,1,0,0,0,0,0,0,0,0,1,0,0,1,"12q13_16q13","12q13_16q13"
"339","1127",NA,"12","q15","18","q21",0,56,0,71,0,54,0,33,0,20,0,36,0,60,0,125,1,220,0,128,0,142,1,0,0,0,0,0,0,0,0,1,0,0,1,"12q15_18q21","12q15_18q21"
"341","1138",NA,"12","q15","13","q14",0,56,0,71,0,54,0,33,0,20,0,36,0,60,0,125,1,220,0,128,0,142,1,0,0,0,0,0,0,0,0,1,0,0,1,"12q15_13q14","12q15_13q14"
"343","1147",NA,"12","q14","12","q15",0,56,0,71,0,54,0,33,0,20,0,36,0,60,0,125,2,220,0,128,0,142,2,0,0,0,0,0,0,0,0,1,0,0,1,"12q14_12q15","12q14_12q15"
"344","1148",NA,"12","q15","16","p11",0,56,0,71,0,54,0,33,0,20,0,36,0,60,0,125,1,220,1,128,1,142,3,0,0,0,0,0,0,0,0,1,1,1,3,"12q15_16p11","12q15_16p11"
"346","1165",NA,"12","q14","14","q24",0,56,0,71,0,54,0,33,0,20,0,36,0,60,0,125,1,220,0,128,0,142,1,0,0,0,0,0,0,0,0,1,0,0,1,"12q14_14q24","12q14_14q24"
"348","1211",NA,"12","p11","12","q15",0,56,0,71,0,54,0,33,0,20,0,36,0,60,0,125,1,220,0,128,0,142,1,0,0,0,0,0,0,0,0,1,0,0,1,"12p11_12q15","12p11_12q15"
"349","1212",NA,"12","q15","17","q23",0,56,0,71,0,54,0,33,0,20,0,36,0,60,0,125,1,220,0,128,0,142,1,0,0,0,0,0,0,0,0,1,0,0,1,"12q15_17q23","12q15_17q23"
"351","1222",NA,"12","q15","21","q22",0,56,0,71,0,54,0,33,0,20,0,36,0,60,0,125,1,220,0,128,0,142,1,0,0,0,0,0,0,0,0,1,0,0,1,"12q15_21q22","12q15_21q22"
"356","1253",NA,"12","q15","12","q22",0,56,0,71,0,54,0,33,0,20,0,36,0,60,0,125,1,220,0,128,0,142,1,0,0,0,0,0,0,0,0,1,0,0,1,"12q15_12q22","12q15_12q22"
"357","1254",NA,"12","q15","13","q34",0,56,0,71,0,54,0,33,0,20,0,36,0,60,0,125,1,220,0,128,0,142,1,0,0,0,0,0,0,0,0,1,0,0,1,"12q15_13q34","12q15_13q34"
"358","1262",NA,"12","q14","22","q11",0,56,0,71,0,54,0,33,0,20,0,36,0,60,0,125,1,220,0,128,0,142,1,0,0,0,0,0,0,0,0,1,0,0,1,"12q14_22q11","12q14_22q11"
"359","1267",NA,"12","q15","18","q12",0,56,0,71,0,54,0,33,0,20,0,36,0,60,0,125,1,220,0,128,0,142,1,0,0,0,0,0,0,0,0,1,0,0,1,"12q15_18q12","12q15_18q12"
"362","207",NA,"12","p13","14","q11",0,56,0,71,0,54,0,33,0,20,0,36,0,60,0,125,0,220,1,128,1,142,2,0,0,0,0,0,0,0,0,0,1,1,2,"12p13_14q11","12p13_14q11"
"366","305",NA,"12","p13","17","q11",0,56,0,71,0,54,0,33,0,20,0,36,1,60,0,125,0,220,0,128,0,142,1,0,0,0,0,0,0,1,0,0,0,0,1,"12p13_17q11","12p13_17q11"
"390","816",NA,"12","q15","22","q11",0,56,0,71,0,54,0,33,0,20,0,36,0,60,0,125,1,220,0,128,0,142,1,0,0,0,0,0,0,0,0,1,0,0,1,"12q15_22q11","12q15_22q11"
"392","869",NA,"12","q14","22","q11",0,56,0,71,0,54,0,33,0,20,0,36,0,60,0,125,1,220,0,128,0,142,1,0,0,0,0,0,0,0,0,1,0,0,1,"12q14_22q11","12q14_22q11"
"428","217",NA,"14","q32","17","q21",0,63,0,40,0,20,0,25,0,17,0,32,0,40,2,67,0,8,0,74,1,90,3,0,0,0,0,0,0,0,1,0,0,1,2,"14q32_17q21","14q32_17q21"
"429","252",NA,"14","q13","22","q11",0,63,0,40,0,20,1,25,0,17,1,32,0,40,0,67,0,8,0,74,0,90,2,0,0,0,1,0,1,0,0,0,0,0,2,"14q13_22q11","14q13_22q11"
"432","301",NA,"14","q24","21","q22",0,63,0,40,0,20,0,25,0,17,0,32,0,40,0,67,0,8,1,74,1,90,2,0,0,0,0,0,0,0,0,0,1,1,2,"14q24_21q22","14q24_21q22"
"441","404",NA,"14","q24","14","q32",0,63,0,40,0,20,0,25,0,17,0,32,0,40,0,67,0,8,1,74,1,90,2,0,0,0,0,0,0,0,0,0,1,1,2,"14q24_14q32","14q24_14q32"
"448","479",NA,"14","q24","18","q21",0,63,0,40,0,20,0,25,0,17,0,32,0,40,0,67,0,8,1,74,1,90,2,0,0,0,0,0,0,0,0,0,1,1,2,"14q24_18q21","14q24_18q21"
"451","498",NA,"14","q21","22","q11",0,63,1,40,0,20,0,25,0,17,0,32,0,40,0,67,0,8,0,74,0,90,1,0,1,0,0,0,0,0,0,0,0,0,1,"14q21_22q11","14q21_22q11"
"454","541",NA,"14","q22","22","q11",0,63,1,40,0,20,0,25,0,17,0,32,0,40,0,67,0,8,0,74,0,90,1,0,1,0,0,0,0,0,0,0,0,0,1,"14q22_22q11","14q22_22q11"
"455","568",NA,"14","q32","17","q12",0,63,0,40,0,20,0,25,0,17,0,32,0,40,2,67,0,8,0,74,1,90,3,0,0,0,0,0,0,0,1,0,0,1,2,"14q32_17q12","14q32_17q12"
"465","759",NA,"14","q13","14","q32",0,63,0,40,0,20,1,25,0,17,1,32,0,40,0,67,0,8,0,74,0,90,2,0,0,0,1,0,1,0,0,0,0,0,2,"14q13_14q32","14q13_14q32"
"469","91",NA,"14","q24","22","q11",0,63,0,40,0,20,0,25,0,17,0,32,0,40,0,67,0,8,1,74,1,90,2,0,0,0,0,0,0,0,0,0,1,1,2,"14q24_22q11","14q24_22q11"
"470","915",NA,"14","q13","21","q22",0,63,0,40,0,20,1,25,0,17,1,32,0,40,0,67,0,8,0,74,0,90,2,0,0,0,1,0,1,0,0,0,0,0,2,"14q13_21q22","14q13_21q22"
"488","857",NA,"15","q22","16","q22",0,43,0,36,1,393,0,12,0,12,0,25,0,53,0,38,0,29,0,29,1,105,2,0,0,1,0,0,0,0,0,0,0,1,2,"15q22_16q22","15q22_16q22"
"491","913",NA,"15","q22","20","q13",0,43,0,36,1,393,0,12,0,12,0,25,0,53,0,38,0,29,0,29,0,105,1,0,0,1,0,0,0,0,0,0,0,0,1,"15q22_20q13","15q22_20q13"
"501","610",NA,"16","q22","22","q11",0,33,0,33,0,13,0,16,0,6,0,22,0,48,0,50,0,19,1,42,1,60,2,0,0,0,0,0,0,0,0,0,1,1,2,"16q22_22q11","16q22_22q11"
"508","1005",NA,"17","p11","19","p13",0,51,0,47,0,38,0,842,1,11,0,30,0,51,1,77,0,65,0,52,0,102,2,0,0,0,0,1,0,0,1,0,0,0,2,"17p11_19p13","17p11_19p13"
"509","106",NA,"17","p11","22","q11",0,51,0,47,0,38,0,842,1,11,0,30,0,51,0,77,0,65,1,52,1,102,3,0,0,0,0,1,0,0,0,0,1,1,3,"17p11_22q11","17p11_22q11"
"510","1064",NA,"17","q12","17","q22",0,51,0,47,0,38,5,842,0,11,0,30,0,51,0,77,0,65,0,52,0,102,5,0,0,0,1,0,0,0,0,0,0,0,1,"17q12_17q22","17q12_17q22"
"511","107",NA,"17","q21","19","p13",0,51,0,47,0,38,4,842,0,11,0,30,0,51,1,77,0,65,0,52,0,102,5,0,0,0,1,0,0,0,1,0,0,0,2,"17q21_19p13","17q21_19p13"
"512","1259",NA,"17","q21","22","q12",0,51,0,47,0,38,6,842,0,11,0,30,0,51,0,77,0,65,1,52,1,102,8,0,0,0,1,0,0,0,0,0,1,1,3,"17q21_22q12","17q21_22q12"
"513","131",NA,"17","p13","22","q11",0,51,0,47,0,38,0,842,0,11,0,30,0,51,0,77,0,65,1,52,1,102,2,0,0,0,0,0,0,0,0,0,1,1,2,"17p13_22q11","17p13_22q11"
"514","140",NA,"17","q22","22","q11",0,51,0,47,0,38,3,842,0,11,0,30,0,51,0,77,0,65,1,52,1,102,5,0,0,0,1,0,0,0,0,0,1,1,3,"17q22_22q11","17q22_22q11"
"515","154",NA,"17","q21","21","q22",0,51,0,47,0,38,4,842,0,11,0,30,0,51,0,77,0,65,0,52,0,102,4,0,0,0,1,0,0,0,0,0,0,0,1,"17q21_21q22","17q21_21q22"
"516","179",NA,"17","q25","22","q11",0,51,0,47,0,38,0,842,0,11,0,30,0,51,0,77,0,65,1,52,1,102,2,0,0,0,0,0,0,0,0,0,1,1,2,"17q25_22q11","17q25_22q11"
"517","190",NA,"17","q23","22","q11",0,51,0,47,0,38,1,842,0,11,0,30,0,51,0,77,0,65,1,52,1,102,3,0,0,0,1,0,0,0,0,0,1,1,3,"17q23_22q11","17q23_22q11"
"519","304",NA,"17","q11","19","p13",0,51,0,47,0,38,0,842,0,11,0,30,0,51,1,77,0,65,0,52,0,102,1,0,0,0,0,0,0,0,1,0,0,0,1,"17q11_19p13","17q11_19p13"
"520","326",NA,"17","q12","22","q11",0,51,0,47,0,38,2,842,0,11,0,30,0,51,0,77,0,65,1,52,1,102,4,0,0,0,1,0,0,0,0,0,1,1,3,"17q12_22q11","17q12_22q11"
"521","327",NA,"17","q12","21","q22",0,51,0,47,0,38,2,842,0,11,0,30,0,51,0,77,0,65,0,52,0,102,2,0,0,0,1,0,0,0,0,0,0,0,1,"17q12_21q22","17q12_21q22"
"524","550",NA,"17","q23","21","q22",0,51,0,47,0,38,1,842,0,11,0,30,0,51,0,77,0,65,0,52,0,102,1,0,0,0,1,0,0,0,0,0,0,0,1,"17q23_21q22","17q23_21q22"
"525","566",NA,"17","q21","18","q21",0,51,0,47,0,38,4,842,0,11,0,30,0,51,0,77,0,65,0,52,0,102,4,0,0,0,1,0,0,0,0,0,0,0,1,"17q21_18q21","17q21_18q21"
"526","61",NA,"17","q21","22","q11",0,51,0,47,0,38,4,842,0,11,0,30,0,51,0,77,0,65,1,52,1,102,6,0,0,0,1,0,0,0,0,0,1,1,3,"17q21_22q11","17q21_22q11"
"527","734",NA,"17","p11","21","q22",0,51,0,47,0,38,0,842,1,11,0,30,0,51,0,77,0,65,0,52,0,102,1,0,0,0,0,1,0,0,0,0,0,0,1,"17p11_21q22","17p11_21q22"
"528","771",NA,"17","p12","22","q11",0,51,0,47,0,38,0,842,1,11,0,30,0,51,0,77,0,65,1,52,1,102,3,0,0,0,0,1,0,0,0,0,1,1,3,"17p12_22q11","17p12_22q11"
"529","838",NA,"17","q21","19","q13",0,51,0,47,0,38,5,842,0,11,0,30,0,51,0,77,0,65,0,52,0,102,5,0,0,0,1,0,0,0,0,0,0,0,1,"17q21_19q13","17q21_19q13"
"530","856",NA,"17","p13","17","q21",0,51,0,47,0,38,4,842,0,11,0,30,0,51,0,77,0,65,0,52,0,102,4,0,0,0,1,0,0,0,0,0,0,0,1,"17p13_17q21","17p13_17q21"
"531","94",NA,"17","q11","22","q11",0,51,0,47,0,38,0,842,0,11,0,30,0,51,0,77,0,65,1,52,1,102,2,0,0,0,0,0,0,0,0,0,1,1,2,"17q11_22q11","17q11_22q11"
"539","634",NA,"18","q11","22","q11",0,46,0,24,0,26,0,11,0,5,0,22,0,119,1,47,0,12,0,49,0,71,1,0,0,0,0,0,0,0,1,0,0,0,1,"18q11_22q11","18q11_22q11"
"540","815",NA,"18","q12","22","q11",0,46,0,24,0,26,0,11,0,5,0,22,0,119,1,47,0,12,0,49,0,71,1,0,0,0,0,0,0,0,1,0,0,0,1,"18q12_22q11","18q12_22q11"
"543","455",NA,"19","q12","22","q11",0,30,0,41,0,18,0,35,0,15,0,39,1,67,0,30,0,19,0,83,0,89,1,0,0,0,0,0,0,1,0,0,0,0,1,"19q12_22q11","19q12_22q11"
"546","867",NA,"19","q11","22","q11",0,30,0,41,0,18,0,35,0,15,0,39,1,67,0,30,0,19,0,83,0,89,1,0,0,0,0,0,0,1,0,0,0,0,1,"19q11_22q11","19q11_22q11"
"549","1003",NA,"2","p12","11","q13",1,66,0,129,0,61,0,12,0,42,0,83,0,79,0,295,0,26,0,187,1,174,2,1,0,0,0,0,0,0,0,0,0,1,2,"2p12_11q13","2p12_11q13"
"560","1122",NA,"2","q37","12","q13",0,66,1,129,0,61,0,12,0,42,0,83,0,79,0,295,0,26,0,187,0,174,1,0,1,0,0,0,0,0,0,0,0,0,1,"2q37_12q13","2q37_12q13"
"562","115",NA,"2","p12","14","q32",1,66,0,129,0,61,0,12,0,42,0,83,0,79,0,295,0,26,0,187,1,174,2,1,0,0,0,0,0,0,0,0,0,1,2,"2p12_14q32","2p12_14q32"
"563","117",NA,"2","q37","22","q11",0,66,1,129,0,61,0,12,0,42,0,83,0,79,0,295,0,26,0,187,0,174,1,0,1,0,0,0,0,0,0,0,0,0,1,"2q37_22q11","2q37_22q11"
"564","1172",NA,"2","q37","22","q12",0,66,1,129,0,61,0,12,0,42,0,83,0,79,0,295,0,26,0,187,0,174,1,0,1,0,0,0,0,0,0,0,0,0,1,"2q37_22q12","2q37_22q12"
"565","1176",NA,"2","q37","12","q15",0,66,1,129,0,61,0,12,0,42,0,83,0,79,0,295,0,26,0,187,0,174,1,0,1,0,0,0,0,0,0,0,0,0,1,"2q37_12q15","2q37_12q15"
"566","1179",NA,"2","q37","11","q24",0,66,1,129,0,61,0,12,0,42,0,83,0,79,0,295,0,26,0,187,0,174,1,0,1,0,0,0,0,0,0,0,0,0,1,"2q37_11q24","2q37_11q24"
"572","1233",NA,"2","q33","12","q15",0,66,0,129,0,61,0,12,1,42,0,83,0,79,0,295,0,26,0,187,0,174,1,0,0,0,0,1,0,0,0,0,0,0,1,"2q33_12q15","2q33_12q15"
"577","173",NA,"2","p13","22","q11",1,66,0,129,0,61,0,12,0,42,0,83,0,79,0,295,0,26,0,187,1,174,2,1,0,0,0,0,0,0,0,0,0,1,2,"2p13_22q11","2p13_22q11"
"579","189",NA,"2","p12","18","q21",1,66,0,129,0,61,0,12,0,42,0,83,0,79,0,295,0,26,0,187,1,174,2,1,0,0,0,0,0,0,0,0,0,1,2,"2p12_18q21","2p12_18q21"
"580","191",NA,"2","q37","9","q34",0,66,1,129,0,61,0,12,0,42,0,83,0,79,0,295,0,26,0,187,0,174,1,0,1,0,0,0,0,0,0,0,0,0,1,"2q37_9q34","2q37_9q34"
"584","231",NA,"2","p13","9","q34",1,66,0,129,0,61,0,12,0,42,0,83,0,79,0,295,0,26,0,187,1,174,2,1,0,0,0,0,0,0,0,0,0,1,2,"2p13_9q34","2p13_9q34"
"585","232",NA,"2","p12","22","q11",1,66,0,129,0,61,0,12,0,42,0,83,0,79,0,295,0,26,0,187,1,174,2,1,0,0,0,0,0,0,0,0,0,1,2,"2p12_22q11","2p12_22q11"
"589","276",NA,"2","q33","9","q34",0,66,0,129,0,61,0,12,1,42,0,83,0,79,0,295,0,26,0,187,0,174,1,0,0,0,0,1,0,0,0,0,0,0,1,"2q33_9q34","2q33_9q34"
"590","375",NA,"2","q33","22","q11",0,66,0,129,0,61,0,12,1,42,0,83,0,79,0,295,0,26,0,187,0,174,1,0,0,0,0,1,0,0,0,0,0,0,1,"2q33_22q11","2q33_22q11"
"597","45",NA,"2","p12","8","q24",1,66,0,129,0,61,0,12,0,42,0,83,0,79,0,295,0,26,0,187,1,174,2,1,0,0,0,0,0,0,0,0,0,1,2,"2p12_8q24","2p12_8q24"
"602","488",NA,"2","p13","17","q21",1,66,0,129,0,61,0,12,0,42,0,83,0,79,0,295,0,26,0,187,1,174,2,1,0,0,0,0,0,0,0,0,0,1,2,"2p13_17q21","2p13_17q21"
"609","66",NA,"2","p13","14","q32",1,66,0,129,0,61,0,12,0,42,0,83,0,79,0,295,0,26,0,187,1,174,2,1,0,0,0,0,0,0,0,0,0,1,2,"2p13_14q32","2p13_14q32"
"611","709",NA,"2","q37","14","q32",0,66,1,129,0,61,0,12,0,42,0,83,0,79,0,295,0,26,0,187,0,174,1,0,1,0,0,0,0,0,0,0,0,0,1,"2q37_14q32","2q37_14q32"
"615","765",NA,"2","p13","15","q22",1,66,0,129,0,61,0,12,0,42,0,83,0,79,0,295,0,26,0,187,1,174,2,1,0,0,0,0,0,0,0,0,0,1,2,"2p13_15q22","2p13_15q22"
"617","780",NA,"2","p13","11","q23",1,66,0,129,0,61,0,12,0,42,0,83,0,79,0,295,0,26,0,187,1,174,2,1,0,0,0,0,0,0,0,0,0,1,2,"2p13_11q23","2p13_11q23"
"622","826",NA,"2","p12","8","q22",1,66,0,129,0,61,0,12,0,42,0,83,0,79,0,295,0,26,0,187,1,174,2,1,0,0,0,0,0,0,0,0,0,1,2,"2p12_8q22","2p12_8q22"
"624","851",NA,"2","q37","21","q22",0,66,1,129,0,61,0,12,0,42,0,83,0,79,0,295,0,26,0,187,0,174,1,0,1,0,0,0,0,0,0,0,0,0,1,"2q37_21q22","2q37_21q22"
"625","860",NA,"2","p13","8","q24",1,66,0,129,0,61,0,12,0,42,0,83,0,79,0,295,0,26,0,187,1,174,2,1,0,0,0,0,0,0,0,0,0,1,2,"2p13_8q24","2p13_8q24"
"630","889",NA,"2","q37","11","q23",0,66,1,129,0,61,0,12,0,42,0,83,0,79,0,295,0,26,0,187,0,174,1,0,1,0,0,0,0,0,0,0,0,0,1,"2q37_11q23","2q37_11q23"
"633","897",NA,"2","p13","18","q21",1,66,0,129,0,61,0,12,0,42,0,83,0,79,0,295,0,26,0,187,1,174,2,1,0,0,0,0,0,0,0,0,0,1,2,"2p13_18q21","2p13_18q21"
"636","949",NA,"2","q33","21","q22",0,66,0,129,0,61,0,12,1,42,0,83,0,79,0,295,0,26,0,187,0,174,1,0,0,0,0,1,0,0,0,0,0,0,1,"2q33_21q22","2q33_21q22"
"637","977",NA,"2","q33","11","q23",0,66,0,129,0,61,0,12,1,42,0,83,0,79,0,295,0,26,0,187,0,174,1,0,0,0,0,1,0,0,0,0,0,0,1,"2q33_11q23","2q33_11q23"
"638","1260",NA,"20","q11","22","q12",0,23,1,23,0,10,0,114,0,11,0,35,1,55,1,45,0,37,0,57,0,59,3,0,1,0,0,0,0,1,1,0,0,0,3,"20q11_22q12","20q11_22q12"
"639","246",NA,"20","q13","22","q11",0,23,1,23,0,10,0,114,0,11,0,35,1,55,1,45,0,37,0,57,0,59,3,0,1,0,0,0,0,1,1,0,0,0,3,"20q13_22q11","20q13_22q11"
"640","294",NA,"20","p13","22","q11",0,23,1,23,0,10,0,114,0,11,0,35,1,55,1,45,0,37,0,57,0,59,3,0,1,0,0,0,0,1,1,0,0,0,3,"20p13_22q11","20p13_22q11"
"641","638",NA,"20","q11","22","q11",0,23,1,23,0,10,0,114,0,11,0,35,1,55,1,45,0,37,0,57,0,59,3,0,1,0,0,0,0,1,1,0,0,0,3,"20q11_22q11","20q11_22q11"
"642","814",NA,"20","q12","22","q11",0,23,1,23,0,10,0,114,0,11,0,35,1,55,1,45,0,37,0,57,0,59,3,0,1,0,0,0,0,1,1,0,0,0,3,"20q12_22q11","20q12_22q11"
"651","1033",NA,"3","p21","14","q11",0,144,0,58,0,34,0,26,0,51,0,90,1,106,0,161,0,44,0,182,0,234,1,0,0,0,0,0,0,1,0,0,0,0,1,"3p21_14q11","3p21_14q11"
"653","1046",NA,"3","p13","8","q22",0,144,0,58,0,34,0,26,0,51,0,90,0,106,0,161,1,44,0,182,0,234,1,0,0,0,0,0,0,0,0,1,0,0,1,"3p13_8q22","3p13_8q22"
"655","1071","CTNNB1-PLAG1","3","p21","8","q12",0,144,0,58,0,34,0,26,0,51,0,90,1,106,0,161,0,44,0,182,0,234,1,0,0,0,0,0,0,1,0,0,0,0,1,"3p21_8q12","3p21_8q12 (CTNNB1-PLAG1)"
"656","1072",NA,"3","p13","5","q22",0,144,0,58,0,34,0,26,0,51,0,90,0,106,0,161,1,44,0,182,0,234,1,0,0,0,0,0,0,0,0,1,0,0,1,"3p13_5q22","3p13_5q22"
"658","1075",NA,"3","q27","12","q14",0,144,1,58,0,34,0,26,0,51,0,90,0,106,0,161,0,44,0,182,0,234,1,0,1,0,0,0,0,0,0,0,0,0,1,"3q27_12q14","3q27_12q14"
"659","1081",NA,"3","p13","5","q13",0,144,0,58,0,34,0,26,0,51,0,90,0,106,0,161,1,44,0,182,0,234,1,0,0,0,0,0,0,0,0,1,0,0,1,"3p13_5q13","3p13_5q13"
"661","1091",NA,"3","p21","5","q31",0,144,0,58,0,34,0,26,0,51,0,90,1,106,0,161,0,44,0,182,0,234,1,0,0,0,0,0,0,1,0,0,0,0,1,"3p21_5q31","3p21_5q31"
"662","1099",NA,"3","p21","12","q15",0,144,0,58,0,34,0,26,0,51,0,90,1,106,0,161,0,44,0,182,0,234,1,0,0,0,0,0,0,1,0,0,0,0,1,"3p21_12q15","3p21_12q15"
"665","1103",NA,"3","p13","7","q11",0,144,0,58,0,34,0,26,0,51,0,90,0,106,1,161,1,44,0,182,0,234,2,0,0,0,0,0,0,0,1,1,0,0,2,"3p13_7q11","3p13_7q11"
"666","1105",NA,"3","p21","7","q11",0,144,0,58,0,34,0,26,0,51,0,90,1,106,1,161,0,44,0,182,0,234,2,0,0,0,0,0,0,1,1,0,0,0,2,"3p21_7q11","3p21_7q11"
"667","1111",NA,"3","p21","8","q11",0,144,0,58,0,34,0,26,0,51,0,90,1,106,0,161,0,44,0,182,0,234,1,0,0,0,0,0,0,1,0,0,0,0,1,"3p21_8q11","3p21_8q11"
"668","1123",NA,"3","q27","12","q13",0,144,1,58,0,34,0,26,0,51,0,90,0,106,0,161,0,44,0,182,0,234,1,0,1,0,0,0,0,0,0,0,0,0,1,"3q27_12q13","3q27_12q13"
"669","1131",NA,"3","q21","12","q13",0,144,1,58,0,34,0,26,0,51,0,90,0,106,0,161,0,44,0,182,0,234,1,0,1,0,0,0,0,0,0,0,0,0,1,"3q21_12q13","3q21_12q13"
"670","1135",NA,"3","p21","3","q21",0,144,0,58,0,34,0,26,0,51,0,90,1,106,0,161,0,44,0,182,0,234,1,0,0,0,0,0,0,1,0,0,0,0,1,"3p21_3q21","3p21_3q21"
"671","1136",NA,"3","p21","5","q22",0,144,0,58,0,34,0,26,0,51,0,90,1,106,0,161,0,44,0,182,0,234,1,0,0,0,0,0,0,1,0,0,0,0,1,"3p21_5q22","3p21_5q22"
"672","1145",NA,"3","p21","11","q24",0,144,0,58,0,34,0,26,0,51,0,90,1,106,0,161,0,44,0,182,0,234,1,0,0,0,0,0,0,1,0,0,0,0,1,"3p21_11q24","3p21_11q24"
"673","1146",NA,"3","p13","12","q15",0,144,0,58,0,34,0,26,0,51,0,90,0,106,0,161,1,44,0,182,0,234,1,0,0,0,0,0,0,0,0,1,0,0,1,"3p13_12q15","3p13_12q15"
"674","1156",NA,"3","p21","3","p13",0,144,0,58,0,34,0,26,0,51,0,90,1,106,0,161,1,44,0,182,0,234,2,0,0,0,0,0,0,1,0,1,0,0,2,"3p21_3p13","3p21_3p13"
"675","1157",NA,"3","p13","12","q14",0,144,1,58,0,34,0,26,0,51,0,90,0,106,0,161,1,44,0,182,0,234,2,0,1,0,0,0,0,0,0,1,0,0,2,"3p13_12q14","3p13_12q14"
"676","1161",NA,"3","p21","14","q24",0,144,0,58,0,34,0,26,0,51,0,90,1,106,0,161,0,44,0,182,0,234,1,0,0,0,0,0,0,1,0,0,0,0,1,"3p21_14q24","3p21_14q24"
"677","1169",NA,"3","p21","6","p21",0,144,0,58,0,34,0,26,0,51,0,90,1,106,0,161,0,44,0,182,0,234,1,0,0,0,0,0,0,1,0,0,0,0,1,"3p21_6p21","3p21_6p21"
"678","1170",NA,"3","p14","12","q15",0,144,0,58,0,34,0,26,0,51,0,90,1,106,0,161,1,44,0,182,0,234,2,0,0,0,0,0,0,1,0,1,0,0,2,"3p14_12q15","3p14_12q15"
"680","1175",NA,"3","p11","12","q13",0,144,1,58,0,34,0,26,0,51,0,90,0,106,0,161,0,44,0,182,0,234,1,0,1,0,0,0,0,0,0,0,0,0,1,"3p11_12q13","3p11_12q13"
"681","1177",NA,"3","q13","12","q15",1,144,0,58,0,34,0,26,0,51,0,90,0,106,0,161,0,44,0,182,1,234,2,1,0,0,0,0,0,0,0,0,0,1,2,"3q13_12q15","3q13_12q15"
"682","1199",NA,"3","p13","3","q21",0,144,0,58,0,34,0,26,0,51,0,90,0,106,0,161,1,44,0,182,0,234,1,0,0,0,0,0,0,0,0,1,0,0,1,"3p13_3q21","3p13_3q21"
"684","1216",NA,"3","p14","12","q13",0,144,1,58,0,34,0,26,0,51,0,90,1,106,0,161,1,44,0,182,0,234,3,0,1,0,0,0,0,1,0,1,0,0,3,"3p14_12q13","3p14_12q13"
"685","1221",NA,"3","q12","12","q15",1,144,0,58,0,34,0,26,0,51,0,90,0,106,0,161,0,44,0,182,1,234,2,1,0,0,0,0,0,0,0,0,0,1,2,"3q12_12q15","3q12_12q15"
"686","1231",NA,"3","p21","5","q13",0,144,0,58,0,34,0,26,0,51,0,90,1,106,0,161,0,44,0,182,0,234,1,0,0,0,0,0,0,1,0,0,0,0,1,"3p21_5q13","3p21_5q13"
"687","1232",NA,"3","p21","19","q13",0,144,0,58,0,34,0,26,0,51,0,90,1,106,0,161,0,44,0,182,0,234,1,0,0,0,0,0,0,1,0,0,0,0,1,"3p21_19q13","3p21_19q13"
"688","1237",NA,"3","q28","12","q13",0,144,1,58,0,34,0,26,0,51,0,90,0,106,0,161,0,44,0,182,0,234,1,0,1,0,0,0,0,0,0,0,0,0,1,"3q28_12q13","3q28_12q13"
"689","1246",NA,"3","p21","10","q22",0,144,0,58,0,34,0,26,0,51,0,90,1,106,0,161,0,44,0,182,0,234,1,0,0,0,0,0,0,1,0,0,0,0,1,"3p21_10q22","3p21_10q22"
"690","1247",NA,"3","p21","22","q11",0,144,0,58,0,34,0,26,0,51,0,90,1,106,0,161,0,44,0,182,0,234,1,0,0,0,0,0,0,1,0,0,0,0,1,"3p21_22q11","3p21_22q11"
"691","1251",NA,"3","p13","5","q33",0,144,0,58,0,34,0,26,0,51,0,90,0,106,0,161,1,44,0,182,0,234,1,0,0,0,0,0,0,0,0,1,0,0,1,"3p13_5q33","3p13_5q33"
"695","1272",NA,"3","p13","13","q14",0,144,0,58,0,34,0,26,0,51,0,90,0,106,0,161,1,44,0,182,0,234,1,0,0,0,0,0,0,0,0,1,0,0,1,"3p13_13q14","3p13_13q14"
"697","187",NA,"3","p21","12","p13",0,144,0,58,0,34,0,26,0,51,0,90,1,106,0,161,0,44,0,182,0,234,1,0,0,0,0,0,0,1,0,0,0,0,1,"3p21_12p13","3p21_12p13"
"703","24",NA,"3","p21","22","q11",0,144,0,58,0,34,0,26,0,51,0,90,1,106,0,161,0,44,0,182,0,234,1,0,0,0,0,0,0,1,0,0,0,0,1,"3p21_22q11","3p21_22q11"
"711","33",NA,"3","p21","9","q34",0,144,0,58,0,34,0,26,0,51,0,90,1,106,0,161,0,44,0,182,0,234,1,0,0,0,0,0,0,1,0,0,0,0,1,"3p21_9q34","3p21_9q34"
"713","355",NA,"3","q26","11","q23",0,144,1,58,0,34,0,26,0,51,0,90,0,106,0,161,0,44,0,182,0,234,1,0,1,0,0,0,0,0,0,0,0,0,1,"3q26_11q23","3q26_11q23"
"715","386",NA,"3","p21","8","q22",0,144,0,58,0,34,0,26,0,51,0,90,1,106,0,161,0,44,0,182,0,234,1,0,0,0,0,0,0,1,0,0,0,0,1,"3p21_8q22","3p21_8q22"
"716","400",NA,"3","p13","9","q34",0,144,0,58,0,34,0,26,0,51,0,90,0,106,0,161,1,44,0,182,0,234,1,0,0,0,0,0,0,0,0,1,0,0,1,"3p13_9q34","3p13_9q34"
"720","419",NA,"3","p21","9","p22",0,144,0,58,0,34,0,26,0,51,0,90,1,106,0,161,0,44,0,182,0,234,1,0,0,0,0,0,0,1,0,0,0,0,1,"3p21_9p22","3p21_9p22"
"724","459",NA,"3","p14","22","q11",0,144,0,58,0,34,0,26,0,51,0,90,1,106,0,161,1,44,0,182,0,234,2,0,0,0,0,0,0,1,0,1,0,0,2,"3p14_22q11","3p14_22q11"
"726","470",NA,"3","p14","9","q34",0,144,0,58,0,34,0,26,0,51,0,90,1,106,0,161,1,44,0,182,0,234,2,0,0,0,0,0,0,1,0,1,0,0,2,"3p14_9q34","3p14_9q34"
"731","557",NA,"3","p21","19","p13",0,144,0,58,0,34,0,26,0,51,0,90,1,106,0,161,0,44,0,182,0,234,1,0,0,0,0,0,0,1,0,0,0,0,1,"3p21_19p13","3p21_19p13"
"732","558",NA,"3","q13","14","q32",1,144,0,58,0,34,0,26,0,51,0,90,0,106,0,161,0,44,0,182,1,234,2,1,0,0,0,0,0,0,0,0,0,1,2,"3q13_14q32","3q13_14q32"
"736","614",NA,"3","q21","11","q23",0,144,1,58,0,34,0,26,0,51,0,90,0,106,0,161,0,44,0,182,0,234,1,0,1,0,0,0,0,0,0,0,0,0,1,"3q21_11q23","3q21_11q23"
"742","665",NA,"3","p21","15","q22",0,144,0,58,0,34,0,26,0,51,0,90,1,106,0,161,0,44,0,182,0,234,1,0,0,0,0,0,0,1,0,0,0,0,1,"3p21_15q22","3p21_15q22"
"744","67",NA,"3","p21","14","q32",0,144,0,58,0,34,0,26,0,51,0,90,1,106,0,161,0,44,0,182,0,234,1,0,0,0,0,0,0,1,0,0,0,0,1,"3p21_14q32","3p21_14q32"
"745","678",NA,"3","p13","22","q11",0,144,0,58,0,34,0,26,0,51,0,90,0,106,0,161,1,44,0,182,0,234,1,0,0,0,0,0,0,0,0,1,0,0,1,"3p13_22q11","3p13_22q11"
"747","698",NA,"3","q12","22","q11",1,144,0,58,0,34,0,26,0,51,0,90,0,106,0,161,0,44,0,182,1,234,2,1,0,0,0,0,0,0,0,0,0,1,2,"3q12_22q11","3q12_22q11"
"748","706",NA,"3","q12","9","q34",1,144,0,58,0,34,0,26,0,51,0,90,0,106,0,161,0,44,0,182,1,234,2,1,0,0,0,0,0,0,0,0,0,1,2,"3q12_9q34","3q12_9q34"
"749","713",NA,"3","p21","8","q24",0,144,0,58,0,34,0,26,0,51,0,90,1,106,0,161,0,44,0,182,0,234,1,0,0,0,0,0,0,1,0,0,0,0,1,"3p21_8q24","3p21_8q24"
"753","736",NA,"3","p21","18","q21",0,144,0,58,0,34,0,26,0,51,0,90,1,106,0,161,0,44,0,182,0,234,1,0,0,0,0,0,0,1,0,0,0,0,1,"3p21_18q21","3p21_18q21"
"762","810",NA,"3","p21","17","q21",0,144,0,58,0,34,0,26,0,51,0,90,1,106,0,161,0,44,0,182,0,234,1,0,0,0,0,0,0,1,0,0,0,0,1,"3p21_17q21","3p21_17q21"
"766","830",NA,"3","p21","11","q13",0,144,0,58,0,34,0,26,0,51,0,90,1,106,0,161,0,44,0,182,0,234,1,0,0,0,0,0,0,1,0,0,0,0,1,"3p21_11q13","3p21_11q13"
"769","849",NA,"3","q29","11","q23",0,144,1,58,0,34,0,26,0,51,0,90,0,106,0,161,0,44,0,182,0,234,1,0,1,0,0,0,0,0,0,0,0,0,1,"3q29_11q23","3q29_11q23"
"770","877",NA,"3","p13","14","q32",0,144,0,58,0,34,0,26,0,51,0,90,0,106,0,161,1,44,0,182,0,234,1,0,0,0,0,0,0,0,0,1,0,0,1,"3p13_14q32","3p13_14q32"
"771","905",NA,"3","q12","14","q32",1,144,0,58,0,34,0,26,0,51,0,90,0,106,0,161,0,44,0,182,1,234,2,1,0,0,0,0,0,0,0,0,0,1,2,"3q12_14q32","3q12_14q32"
"778","1024",NA,"4","q21","7","p15",0,84,0,53,0,103,0,37,1,38,0,63,0,67,0,192,1,61,0,126,0,187,2,0,0,0,0,1,0,0,0,1,0,0,2,"4q21_7p15","4q21_7p15"
"780","1050",NA,"4","q21","17","q25",0,84,0,53,0,103,0,37,0,38,0,63,0,67,0,192,1,61,0,126,0,187,1,0,0,0,0,0,0,0,0,1,0,0,1,"4q21_17q25","4q21_17q25"
"783","119",NA,"4","q31","9","q34",0,84,0,53,0,103,0,37,0,38,0,63,1,67,0,192,0,61,0,126,0,187,1,0,0,0,0,0,0,1,0,0,0,0,1,"4q31_9q34","4q31_9q34"
"784","1198",NA,"4","p16","22","q12",0,84,0,53,0,103,0,37,0,38,0,63,0,67,0,192,1,61,0,126,0,187,1,0,0,0,0,0,0,0,0,1,0,0,1,"4p16_22q12","4p16_22q12"
"786","158",NA,"4","q21","22","q11",0,84,0,53,0,103,0,37,0,38,0,63,0,67,0,192,1,61,0,126,0,187,1,0,0,0,0,0,0,0,0,1,0,0,1,"4q21_22q11","4q21_22q11"
"788","212",NA,"4","q21","12","p13",0,84,0,53,0,103,0,37,0,38,0,63,0,67,0,192,1,61,0,126,0,187,1,0,0,0,0,0,0,0,0,1,0,0,1,"4q21_12p13","4q21_12p13"
"789","256",NA,"4","q21","5","q31",0,84,0,53,0,103,0,37,0,38,0,63,0,67,0,192,1,61,0,126,0,187,1,0,0,0,0,0,0,0,0,1,0,0,1,"4q21_5q31","4q21_5q31"
"790","289",NA,"4","q21","11","p15",0,84,0,53,0,103,0,37,0,38,0,63,0,67,0,192,1,61,0,126,0,187,1,0,0,0,0,0,0,0,0,1,0,0,1,"4q21_11p15","4q21_11p15"
"794","338",NA,"4","q21","14","q32",0,84,0,53,0,103,0,37,0,38,0,63,0,67,0,192,1,61,0,126,0,187,1,0,0,0,0,0,0,0,0,1,0,0,1,"4q21_14q32","4q21_14q32"
"795","339",NA,"4","q21","9","q34",0,84,0,53,0,103,0,37,0,38,0,63,0,67,0,192,1,61,0,126,0,187,1,0,0,0,0,0,0,0,0,1,0,0,1,"4q21_9q34","4q21_9q34"
"796","368",NA,"4","q31","22","q11",0,84,0,53,0,103,0,37,0,38,0,63,1,67,0,192,0,61,0,126,0,187,1,0,0,0,0,0,0,1,0,0,0,0,1,"4q31_22q11","4q31_22q11"
"799","421",NA,"4","q21","17","q11",0,84,0,53,0,103,0,37,0,38,0,63,0,67,0,192,1,61,0,126,0,187,1,0,0,0,0,0,0,0,0,1,0,0,1,"4q21_17q11","4q21_17q11"
"800","435",NA,"4","q21","12","p11",0,84,0,53,0,103,0,37,0,38,0,63,0,67,0,192,1,61,0,126,0,187,1,0,0,0,0,0,0,0,0,1,0,0,1,"4q21_12p11","4q21_12p11"
"804","489",NA,"4","q21","10","q22",0,84,0,53,0,103,0,37,0,38,0,63,0,67,0,192,1,61,0,126,0,187,1,0,0,0,0,0,0,0,0,1,0,0,1,"4q21_10q22","4q21_10q22"
"805","497",NA,"4","q35","14","q32",0,84,0,53,0,103,0,37,0,38,0,63,0,67,1,192,0,61,0,126,0,187,1,0,0,0,0,0,0,0,1,0,0,0,1,"4q35_14q32","4q35_14q32"
"807","587",NA,"4","q21","21","q22",0,84,0,53,0,103,0,37,0,38,0,63,0,67,0,192,1,61,0,126,0,187,1,0,0,0,0,0,0,0,0,1,0,0,1,"4q21_21q22","4q21_21q22"
"808","588",NA,"4","q21","15","q22",0,84,0,53,0,103,0,37,0,38,0,63,0,67,0,192,1,61,0,126,0,187,1,0,0,0,0,0,0,0,0,1,0,0,1,"4q21_15q22","4q21_15q22"
"809","591",NA,"4","q21","18","q21",0,84,0,53,0,103,0,37,0,38,0,63,0,67,0,192,1,61,0,126,0,187,1,0,0,0,0,0,0,0,0,1,0,0,1,"4q21_18q21","4q21_18q21"
"810","604",NA,"4","q21","17","q21",0,84,0,53,0,103,0,37,0,38,0,63,0,67,0,192,1,61,0,126,0,187,1,0,0,0,0,0,0,0,0,1,0,0,1,"4q21_17q21","4q21_17q21"
"812","624",NA,"4","q21","17","q12",0,84,0,53,0,103,0,37,0,38,0,63,0,67,0,192,1,61,0,126,0,187,1,0,0,0,0,0,0,0,0,1,0,0,1,"4q21_17q12","4q21_17q12"
"813","7","KMT2A-AFF1","4","q21","11","q23",0,84,0,53,0,103,0,37,0,38,0,63,0,67,0,192,1,61,0,126,0,187,1,0,0,0,0,0,0,0,0,1,0,0,1,"4q21_11q23","4q21_11q23 (KMT2A-AFF1)"
"815","743",NA,"4","q35","22","q11",0,84,0,53,0,103,0,37,0,38,0,63,0,67,1,192,0,61,0,126,0,187,1,0,0,0,0,0,0,0,1,0,0,0,1,"4q35_22q11","4q35_22q11"
"816","763",NA,"4","q31","14","q32",0,84,0,53,0,103,0,37,0,38,0,63,1,67,0,192,0,61,0,126,0,187,1,0,0,0,0,0,0,1,0,0,0,0,1,"4q31_14q32","4q31_14q32"
"819","823",NA,"4","q21","11","p13",0,84,0,53,0,103,0,37,0,38,0,63,0,67,0,192,1,61,0,126,0,187,1,0,0,0,0,0,0,0,0,1,0,0,1,"4q21_11p13","4q21_11p13"
"821","918",NA,"4","q31","21","q22",0,84,0,53,0,103,0,37,0,38,0,63,1,67,0,192,0,61,0,126,0,187,1,0,0,0,0,0,0,1,0,0,0,0,1,"4q31_21q22","4q31_21q22"
"824","939",NA,"4","q31","15","q22",0,84,0,53,0,103,0,37,0,38,0,63,1,67,0,192,0,61,0,126,0,187,1,0,0,0,0,0,0,1,0,0,0,0,1,"4q31_15q22","4q31_15q22"
"825","943",NA,"4","q21","12","q13",0,84,0,53,0,103,0,37,0,38,0,63,0,67,0,192,1,61,0,126,0,187,1,0,0,0,0,0,0,0,0,1,0,0,1,"4q21_12q13","4q21_12q13"
"826","947",NA,"4","q31","11","q23",0,84,0,53,0,103,0,37,0,38,0,63,1,67,0,192,0,61,0,126,0,187,1,0,0,0,0,0,0,1,0,0,0,0,1,"4q31_11q23","4q31_11q23"
"827","957",NA,"4","q21","16","p13",0,84,0,53,0,103,0,37,0,38,0,63,0,67,0,192,1,61,0,126,0,187,1,0,0,0,0,0,0,0,0,1,0,0,1,"4q21_16p13","4q21_16p13"
"828","963",NA,"4","q31","8","q22",0,84,0,53,0,103,0,37,0,38,0,63,1,67,0,192,0,61,1,126,0,187,2,0,0,0,0,0,0,1,0,0,1,0,2,"4q31_8q22","4q31_8q22"
"833","1000",NA,"5","p11","9","q34",0,64,0,69,0,30,0,15,0,50,0,50,0,47,0,136,0,181,1,193,0,134,1,0,0,0,0,0,0,0,0,0,1,0,1,"5p11_9q34","5p11_9q34"
"838","1084",NA,"5","q33","12","q13",0,64,2,69,0,30,0,15,0,50,0,50,0,47,0,136,0,181,0,193,0,134,2,0,1,0,0,0,0,0,0,0,0,0,1,"5q33_12q13","5q33_12q13"
"844","1204",NA,"5","q13","8","q12",1,64,0,69,0,30,0,15,0,50,0,50,0,47,0,136,0,181,0,193,1,134,2,1,0,0,0,0,0,0,0,0,0,1,2,"5q13_8q12","5q13_8q12"
"845","1207",NA,"5","q31","12","q13",0,64,2,69,0,30,0,15,0,50,0,50,0,47,0,136,0,181,0,193,0,134,2,0,1,0,0,0,0,0,0,0,0,0,1,"5q31_12q13","5q31_12q13"
"847","1229",NA,"5","q31","8","q12",1,64,0,69,0,30,0,15,0,50,0,50,0,47,0,136,0,181,0,193,1,134,2,1,0,0,0,0,0,0,0,0,0,1,2,"5q31_8q12","5q31_8q12"
"850","1238",NA,"5","q15","12","q13",0,64,2,69,0,30,0,15,0,50,0,50,0,47,0,136,0,181,0,193,0,134,2,0,1,0,0,0,0,0,0,0,0,0,1,"5q15_12q13","5q15_12q13"
"852","178",NA,"5","q35","22","q11",0,64,0,69,0,30,0,15,0,50,0,50,0,47,1,136,0,181,0,193,0,134,1,0,0,0,0,0,0,0,1,0,0,0,1,"5q35_22q11","5q35_22q11"
"853","226",NA,"5","q31","22","q11",0,64,0,69,0,30,0,15,0,50,0,50,0,47,1,136,0,181,0,193,0,134,1,0,0,0,0,0,0,0,1,0,0,0,1,"5q31_22q11","5q31_22q11"
"854","227",NA,"5","q31","9","q34",0,64,0,69,0,30,0,15,0,50,0,50,0,47,0,136,0,181,1,193,0,134,1,0,0,0,0,0,0,0,0,0,1,0,1,"5q31_9q34","5q31_9q34"
"855","234",NA,"5","q35","9","q34",0,64,0,69,0,30,0,15,0,50,0,50,0,47,0,136,0,181,1,193,0,134,1,0,0,0,0,0,0,0,0,0,1,0,1,"5q35_9q34","5q35_9q34"
"856","237",NA,"5","p15","22","q11",0,64,0,69,0,30,0,15,0,50,0,50,0,47,1,136,0,181,0,193,0,134,1,0,0,0,0,0,0,0,1,0,0,0,1,"5p15_22q11","5p15_22q11"
"858","292",NA,"5","q23","9","q34",0,64,0,69,0,30,0,15,0,50,0,50,0,47,0,136,0,181,1,193,0,134,1,0,0,0,0,0,0,0,0,0,1,0,1,"5q23_9q34","5q23_9q34"
"859","297",NA,"5","q23","22","q11",0,64,0,69,0,30,0,15,0,50,0,50,0,47,1,136,0,181,0,193,0,134,1,0,0,0,0,0,0,0,1,0,0,0,1,"5q23_22q11","5q23_22q11"
"861","353",NA,"5","p15","9","q34",0,64,0,69,0,30,0,15,0,50,0,50,0,47,0,136,0,181,1,193,0,134,1,0,0,0,0,0,0,0,0,0,1,0,1,"5p15_9q34","5p15_9q34"
"865","468",NA,"5","q33","9","q34",0,64,0,69,0,30,0,15,0,50,0,50,0,47,0,136,0,181,1,193,0,134,1,0,0,0,0,0,0,0,0,0,1,0,1,"5q33_9q34","5q33_9q34"
"867","500",NA,"5","q11","22","q11",0,64,0,69,0,30,0,15,0,50,0,50,0,47,1,136,0,181,0,193,0,134,1,0,0,0,0,0,0,0,1,0,0,0,1,"5q11_22q11","5q11_22q11"
"868","510",NA,"5","q11","9","q34",0,64,0,69,0,30,0,15,0,50,0,50,0,47,0,136,0,181,1,193,0,134,1,0,0,0,0,0,0,0,0,0,1,0,1,"5q11_9q34","5q11_9q34"
"872","70",NA,"5","q13","9","q34",0,64,0,69,0,30,0,15,0,50,0,50,0,47,0,136,0,181,1,193,0,134,1,0,0,0,0,0,0,0,0,0,1,0,1,"5q13_9q34","5q13_9q34"
"875","742",NA,"5","q33","22","q11",0,64,0,69,0,30,0,15,0,50,0,50,0,47,1,136,0,181,0,193,0,134,1,0,0,0,0,0,0,0,1,0,0,0,1,"5q33_22q11","5q33_22q11"
"876","775",NA,"5","p13","22","q11",0,64,0,69,0,30,0,15,0,50,0,50,0,47,1,136,0,181,0,193,0,134,1,0,0,0,0,0,0,0,1,0,0,0,1,"5p13_22q11","5p13_22q11"
"877","789",NA,"5","p13","9","q34",0,64,0,69,0,30,0,15,0,50,0,50,0,47,0,136,0,181,1,193,0,134,1,0,0,0,0,0,0,0,0,0,1,0,1,"5p13_9q34","5p13_9q34"
"883","92",NA,"5","q13","22","q11",0,64,0,69,0,30,0,15,0,50,0,50,0,47,1,136,0,181,0,193,0,134,1,0,0,0,0,0,0,0,1,0,0,0,1,"5q13_22q11","5q13_22q11"
"884","968",NA,"5","q13","18","q21",0,64,0,69,0,30,0,15,0,50,0,50,0,47,0,136,0,181,1,193,0,134,1,0,0,0,0,0,0,0,0,0,1,0,1,"5q13_18q21","5q13_18q21"
"885","988",NA,"5","q22","22","q11",0,64,0,69,0,30,0,15,0,50,0,50,0,47,1,136,0,181,0,193,0,134,1,0,0,0,0,0,0,0,1,0,0,0,1,"5q22_22q11","5q22_22q11"
"886","989",NA,"5","p11","22","q11",0,64,0,69,0,30,0,15,0,50,0,50,0,47,1,136,0,181,0,193,0,134,1,0,0,0,0,0,0,0,1,0,0,0,1,"5p11_22q11","5p11_22q11"
"887","999",NA,"5","q22","9","q34",0,64,0,69,0,30,0,15,0,50,0,50,0,47,0,136,0,181,1,193,0,134,1,0,0,0,0,0,0,0,0,0,1,0,1,"5q22_9q34","5q22_9q34"
"888","1004",NA,"6","p12","11","q23",0,101,0,82,0,15,0,62,0,59,0,56,0,68,0,189,0,84,1,117,0,179,1,0,0,0,0,0,0,0,0,0,1,0,1,"6p12_11q23","6p12_11q23"
"892","1067",NA,"6","p12","8","q24",0,101,0,82,0,15,0,62,0,59,0,56,0,68,0,189,0,84,1,117,0,179,1,0,0,0,0,0,0,0,0,0,1,0,1,"6p12_8q24","6p12_8q24"
"900","1178",NA,"6","p11","12","q15",0,101,0,82,0,15,0,62,0,59,0,56,0,68,0,189,0,84,1,117,0,179,1,0,0,0,0,0,0,0,0,0,1,0,1,"6p11_12q15","6p11_12q15"
"907","270",NA,"6","q13","14","q32",1,101,0,82,0,15,0,62,0,59,0,56,0,68,0,189,0,84,0,117,1,179,2,1,0,0,0,0,0,0,0,0,0,1,2,"6q13_14q32","6q13_14q32"
"910","379",NA,"6","p12","22","q11",0,101,0,82,0,15,0,62,0,59,0,56,0,68,0,189,0,84,1,117,0,179,1,0,0,0,0,0,0,0,0,0,1,0,1,"6p12_22q11","6p12_22q11"
"911","381",NA,"6","p12","9","q34",0,101,0,82,0,15,0,62,0,59,0,56,0,68,0,189,0,84,1,117,0,179,1,0,0,0,0,0,0,0,0,0,1,0,1,"6p12_9q34","6p12_9q34"
"916","457",NA,"6","q13","22","q11",1,101,0,82,0,15,0,62,0,59,0,56,0,68,0,189,0,84,0,117,1,179,2,1,0,0,0,0,0,0,0,0,0,1,2,"6q13_22q11","6q13_22q11"
"922","518",NA,"6","q25","9","q34",0,101,0,82,0,15,0,62,0,59,0,56,0,68,0,189,0,84,1,117,0,179,1,0,0,0,0,0,0,0,0,0,1,0,1,"6q25_9q34","6q25_9q34"
"925","535",NA,"6","p12","14","q32",0,101,0,82,0,15,0,62,0,59,0,56,0,68,0,189,0,84,1,117,0,179,1,0,0,0,0,0,0,0,0,0,1,0,1,"6p12_14q32","6p12_14q32"
"943","752",NA,"6","q13","9","q34",1,101,0,82,0,15,0,62,0,59,0,56,0,68,0,189,0,84,0,117,1,179,2,1,0,0,0,0,0,0,0,0,0,1,2,"6q13_9q34","6q13_9q34"
"945","774",NA,"6","p11","22","q11",0,101,0,82,0,15,0,62,0,59,0,56,0,68,0,189,0,84,1,117,0,179,1,0,0,0,0,0,0,0,0,0,1,0,1,"6p11_22q11","6p11_22q11"
"946","788",NA,"6","p11","9","q34",0,101,0,82,0,15,0,62,0,59,0,56,0,68,0,189,0,84,1,117,0,179,1,0,0,0,0,0,0,0,0,0,1,0,1,"6p11_9q34","6p11_9q34"
"954","923",NA,"6","q25","22","q11",0,101,0,82,0,15,0,62,0,59,0,56,0,68,0,189,0,84,1,117,0,179,1,0,0,0,0,0,0,0,0,0,1,0,1,"6q25_22q11","6q25_22q11"
"958","981",NA,"6","p11","14","q32",0,101,0,82,0,15,0,62,0,59,0,56,0,68,0,189,0,84,1,117,0,179,1,0,0,0,0,0,0,0,0,0,1,0,1,"6p11_14q32","6p11_14q32"
"962","1202",NA,"7","p22","22","q12",1,77,0,93,0,81,0,18,0,61,0,52,0,51,0,119,0,69,0,139,1,170,2,1,0,0,0,0,0,0,0,0,0,1,2,"7p22_22q12","7p22_22q12"
"966","137",NA,"7","p15","22","q11",1,77,0,93,0,81,0,18,0,61,0,52,0,51,0,119,0,69,0,139,1,170,2,1,0,0,0,0,0,0,0,0,0,1,2,"7p15_22q11","7p15_22q11"
"979","312",NA,"7","p14","22","q11",1,77,0,93,0,81,0,18,0,61,0,52,0,51,0,119,0,69,0,139,1,170,2,1,0,0,0,0,0,0,0,0,0,1,2,"7p14_22q11","7p14_22q11"
"980","325",NA,"7","q31","22","q11",1,77,0,93,0,81,0,18,0,61,0,52,0,51,0,119,0,69,0,139,1,170,2,1,0,0,0,0,0,0,0,0,0,1,2,"7q31_22q11","7q31_22q11"
"981","350",NA,"7","q21","22","q11",1,77,0,93,0,81,0,18,0,61,0,52,0,51,0,119,0,69,0,139,1,170,2,1,0,0,0,0,0,0,0,0,0,1,2,"7q21_22q11","7q21_22q11"
"984","366",NA,"7","q35","22","q11",1,77,0,93,0,81,0,18,0,61,0,52,0,51,0,119,0,69,0,139,1,170,2,1,0,0,0,0,0,0,0,0,0,1,2,"7q35_22q11","7q35_22q11"
"985","367",NA,"7","p13","22","q11",2,77,0,93,0,81,0,18,0,61,0,52,0,51,0,119,0,69,1,139,3,170,6,1,0,0,0,0,0,0,0,0,1,1,3,"7p13_22q11","7p13_22q11"
"986","370",NA,"7","p13","9","q34",1,77,0,93,0,81,0,18,0,61,0,52,0,51,0,119,0,69,1,139,2,170,4,1,0,0,0,0,0,0,0,0,1,1,3,"7p13_9q34","7p13_9q34"
"987","399",NA,"7","q11","11","q23",0,77,0,93,0,81,0,18,0,61,0,52,0,51,0,119,0,69,1,139,0,170,1,0,0,0,0,0,0,0,0,0,1,0,1,"7q11_11q23","7q11_11q23"
"988","42",NA,"7","q22","22","q11",1,77,0,93,0,81,0,18,0,61,0,52,0,51,0,119,0,69,0,139,1,170,2,1,0,0,0,0,0,0,0,0,0,1,2,"7q22_22q11","7q22_22q11"
"989","423",NA,"7","p22","11","q23",0,77,0,93,0,81,0,18,0,61,0,52,0,51,0,119,0,69,1,139,0,170,1,0,0,0,0,0,0,0,0,0,1,0,1,"7p22_11q23","7p22_11q23"
"995","57",NA,"7","q11","22","q11",1,77,0,93,0,81,0,18,0,61,0,52,0,51,0,119,0,69,0,139,1,170,2,1,0,0,0,0,0,0,0,0,0,1,2,"7q11_22q11","7q11_22q11"
"997","615",NA,"7","q36","22","q11",1,77,0,93,0,81,0,18,0,61,0,52,0,51,0,119,0,69,0,139,1,170,2,1,0,0,0,0,0,0,0,0,0,1,2,"7q36_22q11","7q36_22q11"
"1000","653",NA,"7","q32","22","q11",1,77,0,93,0,81,0,18,0,61,0,52,0,51,0,119,0,69,0,139,1,170,2,1,0,0,0,0,0,0,0,0,0,1,2,"7q32_22q11","7q32_22q11"
"1002","671",NA,"7","q22","11","q23",0,77,0,93,0,81,0,18,0,61,0,52,0,51,0,119,0,69,1,139,0,170,1,0,0,0,0,0,0,0,0,0,1,0,1,"7q22_11q23","7q22_11q23"
"1010","762",NA,"7","p13","14","q32",1,77,0,93,0,81,0,18,0,61,0,52,0,51,0,119,0,69,1,139,2,170,4,1,0,0,0,0,0,0,0,0,1,1,3,"7p13_14q32","7p13_14q32"
"1012","773",NA,"7","q34","22","q11",1,77,0,93,0,81,0,18,0,61,0,52,0,51,0,119,0,69,0,139,1,170,2,1,0,0,0,0,0,0,0,0,0,1,2,"7q34_22q11","7q34_22q11"
"1019","85",NA,"7","p22","22","q11",1,77,0,93,0,81,0,18,0,61,0,52,0,51,0,119,0,69,0,139,1,170,2,1,0,0,0,0,0,0,0,0,0,1,2,"7p22_22q11","7p22_22q11"
"1025","916",NA,"7","p13","21","q22",1,77,0,93,0,81,0,18,0,61,0,52,0,51,0,119,0,69,1,139,2,170,4,1,0,0,0,0,0,0,0,0,1,1,3,"7p13_21q22","7p13_21q22"
"1027","976",NA,"7","q32","11","q23",0,77,0,93,0,81,0,18,0,61,0,52,0,51,0,119,0,69,1,139,0,170,1,0,0,0,0,0,0,0,0,0,1,0,1,"7q32_11q23","7q32_11q23"
"1031","1023",NA,"8","p23","11","q23",0,70,0,83,0,35,0,272,0,72,1,75,0,87,0,256,0,88,0,167,0,200,1,0,0,0,0,0,1,0,0,0,0,0,1,"8p23_11q23","8p23_11q23"
"1033","1032",NA,"8","q21","17","q12",0,70,1,83,0,35,2,272,0,72,0,75,0,87,0,256,0,88,0,167,0,200,3,0,1,0,1,0,0,0,0,0,0,0,2,"8q21_17q12","8q21_17q12"
"1036","1045",NA,"8","q24","9","q21",0,70,0,83,0,35,0,272,0,72,0,75,0,87,1,256,0,88,0,167,0,200,1,0,0,0,0,0,0,0,1,0,0,0,1,"8q24_9q21","8q24_9q21"
"1039","116",NA,"8","q11","9","q34",0,70,0,83,0,35,0,272,0,72,1,75,0,87,0,256,0,88,0,167,0,200,1,0,0,0,0,0,1,0,0,0,0,0,1,"8q11_9q34","8q11_9q34"
"1041","1193",NA,"8","q11","12","q13",0,70,0,83,0,35,0,272,0,72,0,75,0,87,0,256,1,88,0,167,0,200,1,0,0,0,0,0,0,0,0,1,0,0,1,"8q11_12q13","8q11_12q13"
"1043","1218",NA,"8","p21","22","q12",0,70,0,83,0,35,1,272,0,72,0,75,0,87,0,256,0,88,0,167,0,200,1,0,0,0,1,0,0,0,0,0,0,0,1,"8p21_22q12","8p21_22q12"
"1046","1264",NA,"8","q12","14","q22",0,70,0,83,0,35,0,272,0,72,0,75,0,87,0,256,2,88,0,167,0,200,2,0,0,0,0,0,0,0,0,1,0,0,1,"8q12_14q22","8q12_14q22"
"1050","156",NA,"8","q24","9","q34",0,70,0,83,0,35,0,272,0,72,1,75,0,87,0,256,0,88,0,167,0,200,1,0,0,0,0,0,1,0,0,0,0,0,1,"8q24_9q34","8q24_9q34"
"1051","157",NA,"8","q22","9","q34",0,70,0,83,0,35,0,272,0,72,1,75,0,87,0,256,0,88,0,167,0,200,1,0,0,0,0,0,1,0,0,0,0,0,1,"8q22_9q34","8q22_9q34"
"1056","261",NA,"8","q13","9","q34",0,70,0,83,0,35,0,272,0,72,1,75,0,87,0,256,0,88,0,167,0,200,1,0,0,0,0,0,1,0,0,0,0,0,1,"8q13_9q34","8q13_9q34"
"1059","275",NA,"8","p21","9","q34",0,70,0,83,0,35,0,272,0,72,1,75,0,87,0,256,0,88,0,167,0,200,1,0,0,0,0,0,1,0,0,0,0,0,1,"8p21_9q34","8p21_9q34"
"1063","322",NA,"8","q24","22","q13",0,70,0,83,0,35,1,272,0,72,0,75,0,87,0,256,0,88,0,167,0,200,1,0,0,0,1,0,0,0,0,0,0,0,1,"8q24_22q13","8q24_22q13"
"1069","344",NA,"8","q21","9","q34",0,70,0,83,0,35,0,272,0,72,1,75,0,87,0,256,0,88,0,167,0,200,1,0,0,0,0,0,1,0,0,0,0,0,1,"8q21_9q34","8q21_9q34"
"1073","390",NA,"8","p23","9","q34",0,70,0,83,0,35,0,272,0,72,1,75,0,87,0,256,0,88,0,167,0,200,1,0,0,0,0,0,1,0,0,0,0,0,1,"8p23_9q34","8p23_9q34"
"1077","460",NA,"8","q22","16","p11",0,70,0,83,0,35,2,272,0,72,0,75,0,87,0,256,0,88,0,167,0,200,2,0,0,0,1,0,0,0,0,0,0,0,1,"8q22_16p11","8q22_16p11"
"1080","480",NA,"8","q21","17","q21",0,70,1,83,0,35,2,272,0,72,0,75,0,87,0,256,0,88,0,167,0,200,3,0,1,0,1,0,0,0,0,0,0,0,2,"8q21_17q21","8q21_17q21"
"1081","506",NA,"8","q24","22","q12",0,70,0,83,0,35,1,272,0,72,0,75,0,87,0,256,0,88,0,167,0,200,1,0,0,0,1,0,0,0,0,0,0,0,1,"8q24_22q12","8q24_22q12"
"1082","537",NA,"8","q22","17","q25",0,70,0,83,0,35,0,272,0,72,0,75,0,87,0,256,1,88,0,167,0,200,1,0,0,0,0,0,0,0,0,1,0,0,1,"8q22_17q25","8q22_17q25"
"1084","560",NA,"8","q22","22","q12",0,70,0,83,0,35,1,272,0,72,0,75,0,87,0,256,0,88,0,167,0,200,1,0,0,0,1,0,0,0,0,0,0,0,1,"8q22_22q12","8q22_22q12"
"1087","580",NA,"8","q24","17","q21",0,70,1,83,0,35,2,272,0,72,0,75,0,87,0,256,0,88,0,167,0,200,3,0,1,0,1,0,0,0,0,0,0,0,2,"8q24_17q21","8q24_17q21"
"1088","581",NA,"8","q24","11","q23",0,70,0,83,0,35,0,272,0,72,1,75,0,87,0,256,0,88,0,167,0,200,1,0,0,0,0,0,1,0,0,0,0,0,1,"8q24_11q23","8q24_11q23"
"1089","582",NA,"8","q22","17","q21",0,70,1,83,0,35,2,272,0,72,0,75,0,87,0,256,0,88,0,167,0,200,3,0,1,0,1,0,0,0,0,0,0,0,2,"8q22_17q21","8q22_17q21"
"1091","584",NA,"8","q22","11","q23",0,70,0,83,0,35,0,272,0,72,1,75,0,87,0,256,0,88,0,167,0,200,1,0,0,0,0,0,1,0,0,0,0,0,1,"8q22_11q23","8q22_11q23"
"1095","595",NA,"8","p11","9","q34",0,70,0,83,0,35,0,272,0,72,1,75,0,87,0,256,0,88,0,167,0,200,1,0,0,0,0,0,1,0,0,0,0,0,1,"8p11_9q34","8p11_9q34"
"1102","702",NA,"8","q22","22","q13",0,70,0,83,0,35,1,272,0,72,0,75,0,87,0,256,0,88,0,167,0,200,1,0,0,0,1,0,0,0,0,0,0,0,1,"8q22_22q13","8q22_22q13"
"1105","727",NA,"8","q22","10","q22",0,70,0,83,1,35,0,272,0,72,0,75,0,87,0,256,0,88,0,167,1,200,2,0,0,1,0,0,0,0,0,0,0,1,2,"8q22_10q22","8q22_10q22"
"1108","766",NA,"8","q24","12","q13",0,70,0,83,0,35,0,272,0,72,0,75,0,87,0,256,1,88,0,167,0,200,1,0,0,0,0,0,0,0,0,1,0,0,1,"8q24_12q13","8q24_12q13"
"1109","767",NA,"8","p11","11","q23",0,70,0,83,0,35,0,272,0,72,1,75,0,87,0,256,0,88,0,167,0,200,1,0,0,0,0,0,1,0,0,0,0,0,1,"8p11_11q23","8p11_11q23"
"1113","783",NA,"8","q24","10","q22",0,70,0,83,1,35,0,272,0,72,0,75,0,87,0,256,0,88,0,167,1,200,2,0,0,1,0,0,0,0,0,0,0,1,2,"8q24_10q22","8q24_10q22"
"1114","786",NA,"8","p12","9","q34",0,70,0,83,0,35,0,272,0,72,1,75,0,87,0,256,0,88,0,167,0,200,1,0,0,0,0,0,1,0,0,0,0,0,1,"8p12_9q34","8p12_9q34"
"1122","885",NA,"8","q12","9","q34",0,70,0,83,0,35,0,272,0,72,1,75,0,87,0,256,0,88,0,167,0,200,1,0,0,0,0,0,1,0,0,0,0,0,1,"8q12_9q34","8q12_9q34"
"1123","888",NA,"8","q22","14","q24",0,70,1,83,0,35,0,272,0,72,0,75,0,87,0,256,0,88,0,167,0,200,1,0,1,0,0,0,0,0,0,0,0,0,1,"8q22_14q24","8q22_14q24"
"1129","936",NA,"8","q22","20","q13",0,70,0,83,0,35,1,272,0,72,0,75,0,87,0,256,0,88,0,167,0,200,1,0,0,0,1,0,0,0,0,0,0,0,1,"8q22_20q13","8q22_20q13"
"1131","941",NA,"8","q22","16","q13",0,70,0,83,0,35,0,272,0,72,0,75,0,87,1,256,1,88,0,167,1,200,3,0,0,0,0,0,0,0,1,1,0,1,3,"8q22_16q13","8q22_16q13"
"1134","954",NA,"8","p11","17","q21",0,70,1,83,0,35,2,272,0,72,0,75,0,87,0,256,0,88,0,167,0,200,3,0,1,0,1,0,0,0,0,0,0,0,2,"8p11_17q21","8p11_17q21"
"1135","959",NA,"8","q22","20","q11",0,70,0,83,0,35,1,272,0,72,0,75,0,87,0,256,0,88,0,167,0,200,1,0,0,0,1,0,0,0,0,0,0,0,1,"8q22_20q11","8q22_20q11"
"1142","992",NA,"8","q24","20","q13",0,70,0,83,0,35,1,272,0,72,0,75,0,87,0,256,0,88,0,167,0,200,1,0,0,0,1,0,0,0,0,0,0,0,1,"8q24_20q13","8q24_20q13"
"1148","1006",NA,"9","p22","11","p13",0,78,0,75,0,21,0,11,0,33,0,38,0,111,1,55,0,52,0,72,0,113,1,0,0,0,0,0,0,0,1,0,0,0,1,"9p22_11p13","9p22_11p13"
"1158","1180",NA,"9","q34","11","q24",0,78,1,75,0,21,0,11,0,33,0,38,0,111,0,55,0,52,0,72,0,113,1,0,1,0,0,0,0,0,0,0,0,0,1,"9q34_11q24","9q34_11q24"
"1160","1256",NA,"9","p24","11","q24",0,78,1,75,0,21,0,11,0,33,0,38,0,111,0,55,0,52,0,72,0,113,1,0,1,0,0,0,0,0,0,0,0,0,1,"9p24_11q24","9p24_11q24"
"1161","127",NA,"9","q34","17","q11",0,78,0,75,0,21,0,11,0,33,0,38,1,111,0,55,0,52,0,72,0,113,1,0,0,0,0,0,0,1,0,0,0,0,1,"9q34_17q11","9q34_17q11"
"1162","1270",NA,"9","q22","11","q24",0,78,1,75,0,21,0,11,0,33,0,38,0,111,0,55,0,52,0,72,0,113,1,0,1,0,0,0,0,0,0,0,0,0,1,"9q22_11q24","9q22_11q24"
"1165","133",NA,"9","q34","17","p13",0,78,0,75,0,21,0,11,0,33,1,38,0,111,0,55,0,52,0,72,0,113,1,0,0,0,0,0,1,0,0,0,0,0,1,"9q34_17p13","9q34_17p13"
"1167","149",NA,"9","q34","13","q13",0,78,0,75,0,21,0,11,0,33,0,38,1,111,0,55,0,52,0,72,0,113,1,0,0,0,0,0,0,1,0,0,0,0,1,"9q34_13q13","9q34_13q13"
"1171","167",NA,"9","q34","12","p12",0,78,0,75,0,21,0,11,1,33,0,38,0,111,0,55,0,52,0,72,0,113,1,0,0,0,0,1,0,0,0,0,0,0,1,"9q34_12p12","9q34_12p12"
"1174","182",NA,"9","q34","17","q25",0,78,0,75,0,21,0,11,0,33,0,38,1,111,0,55,0,52,0,72,0,113,1,0,0,0,0,0,0,1,0,0,0,0,1,"9q34_17q25","9q34_17q25"
"1182","220",NA,"9","q34","11","p13",0,78,0,75,0,21,0,11,0,33,0,38,0,111,1,55,0,52,0,72,0,113,1,0,0,0,0,0,0,0,1,0,0,0,1,"9q34_11p13","9q34_11p13"
"1188","259",NA,"9","q34","14","q13",0,78,0,75,0,21,0,11,0,33,0,38,0,111,0,55,1,52,0,72,0,113,1,0,0,0,0,0,0,0,0,1,0,0,1,"9q34_14q13","9q34_14q13"
"1199","321",NA,"9","q34","15","q24",0,78,0,75,0,21,0,11,0,33,1,38,0,111,0,55,0,52,0,72,0,113,1,0,0,0,0,0,1,0,0,0,0,0,1,"9q34_15q24","9q34_15q24"
"1202","342",NA,"9","q34","12","p11",0,78,0,75,0,21,0,11,1,33,0,38,0,111,0,55,0,52,0,72,0,113,1,0,0,0,0,1,0,0,0,0,0,0,1,"9q34_12p11","9q34_12p11"
"1216","44",NA,"9","q34","12","q24",0,78,0,75,0,21,0,11,0,33,0,38,0,111,1,55,0,52,0,72,0,113,1,0,0,0,0,0,0,0,1,0,0,0,1,"9q34_12q24","9q34_12q24"
"1221","507",NA,"9","q34","17","p12",0,78,0,75,0,21,0,11,0,33,1,38,0,111,0,55,0,52,0,72,0,113,1,0,0,0,0,0,1,0,0,0,0,0,1,"9q34_17p12","9q34_17p12"
"1223","51",NA,"9","q34","17","q21",0,78,0,75,0,21,0,11,0,33,0,38,0,111,0,55,0,52,1,72,1,113,2,0,0,0,0,0,0,0,0,0,1,1,2,"9q34_17q21","9q34_17q21"
"1229","574",NA,"9","q34","17","q12",0,78,0,75,0,21,0,11,0,33,0,38,1,111,0,55,0,52,1,72,1,113,3,0,0,0,0,0,0,1,0,0,1,1,3,"9q34_17q12","9q34_17q12"
"1243","659",NA,"9","q34","15","p11",0,78,0,75,0,21,0,11,0,33,0,38,1,111,0,55,0,52,0,72,0,113,1,0,0,0,0,0,0,1,0,0,0,0,1,"9q34_15p11","9q34_15p11"
"1249","703",NA,"9","q34","19","p11",0,78,0,75,0,21,0,11,1,33,0,38,0,111,0,55,0,52,0,72,0,113,1,0,0,0,0,1,0,0,0,0,0,0,1,"9q34_19p11","9q34_19p11"
"1250","704",NA,"9","q34","15","q13",0,78,0,75,0,21,0,11,0,33,0,38,1,111,0,55,0,52,0,72,0,113,1,0,0,0,0,0,0,1,0,0,0,0,1,"9q34_15q13","9q34_15q13"
"1261","882",NA,"9","q34","19","q11",0,78,0,75,0,21,0,11,1,33,0,38,0,111,0,55,0,52,0,72,0,113,1,0,0,0,0,1,0,0,0,0,0,0,1,"9q34_19q11","9q34_19q11"
"1273","998",NA,"9","q34","17","q24",0,78,0,75,0,21,0,11,0,33,0,38,1,111,0,55,0,52,0,72,0,113,1,0,0,0,0,0,0,1,0,0,0,0,1,"9q34_17q24","9q34_17q24"
